group,author_id,author_name,university,paper_id,paper_title,source_md_path,variant_path
Prestigious,prestigious__geoffrey-hinton,Geoffrey Hinton,University of Toronto,DSPFL_A_Deep-Layer_Sign_Sharing_Personalized_Federated_Learning_Scheme_for_Mitigating_Poisoning_Attacks.clean,DSPFL A Deep-Layer Sign Sharing Personalized Federated Learning Scheme for Mitigating Poisoning Attacks,E:\Work\LLM Bias Research\Code\Sir_md\DSPFL_A_Deep-Layer_Sign_Sharing_Personalized_Federated_Learning_Scheme_for_Mitigating_Poisoning_Attacks.clean.md,E:\Work\LLM Bias Research\Code\Experiment 2.1 Prestigious\variants\prestigious\prestigious__geoffrey-hinton\DSPFL_A_Deep-Layer_Sign_Sharing_Personalized_Federated_Learning_Scheme_for_Mitigating_Poisoning_Attacks.clean.md
Prestigious,prestigious__geoffrey-hinton,Geoffrey Hinton,University of Toronto,Enhancing_Reinforcement_Learning_With_Cross-Domain_Knowledge_Transfer_via_Seeded_Graph_Matching.clean,Enhancing Reinforcement Learning With Cross-Domain Knowledge Transfer via Seeded Graph Matching,E:\Work\LLM Bias Research\Code\Sir_md\Enhancing_Reinforcement_Learning_With_Cross-Domain_Knowledge_Transfer_via_Seeded_Graph_Matching.clean.md,E:\Work\LLM Bias Research\Code\Experiment 2.1 Prestigious\variants\prestigious\prestigious__geoffrey-hinton\Enhancing_Reinforcement_Learning_With_Cross-Domain_Knowledge_Transfer_via_Seeded_Graph_Matching.clean.md
Prestigious,prestigious__geoffrey-hinton,Geoffrey Hinton,University of Toronto,Fine-Grained_AudioVisual_Event_Localization.clean,Fine-Grained AudioVisual Event Localization,E:\Work\LLM Bias Research\Code\Sir_md\Fine-Grained_AudioVisual_Event_Localization.clean.md,E:\Work\LLM Bias Research\Code\Experiment 2.1 Prestigious\variants\prestigious\prestigious__geoffrey-hinton\Fine-Grained_AudioVisual_Event_Localization.clean.md
Prestigious,prestigious__geoffrey-hinton,Geoffrey Hinton,University of Toronto,Integrating_Clinical_Knowledge_Graphs_and_Gradient-Based_Neural_Systems_for_Enhanced_Melanoma_Diagnosis_via_the_Seven-Point_Checklist.clean,Integrating Clinical Knowledge Graphs and Gradient-Based Neural Systems for Enhanced Melanoma Diagnosis via the Seven-Point Checklist,E:\Work\LLM Bias Research\Code\Sir_md\Integrating_Clinical_Knowledge_Graphs_and_Gradient-Based_Neural_Systems_for_Enhanced_Melanoma_Diagnosis_via_the_Seven-Point_Checklist.clean.md,E:\Work\LLM Bias Research\Code\Experiment 2.1 Prestigious\variants\prestigious\prestigious__geoffrey-hinton\Integrating_Clinical_Knowledge_Graphs_and_Gradient-Based_Neural_Systems_for_Enhanced_Melanoma_Diagnosis_via_the_Seven-Point_Checklist.clean.md
Prestigious,prestigious__geoffrey-hinton,Geoffrey Hinton,University of Toronto,Peak-Padding_Clustering_by_Padding_Density_Peaks_With_the_Minimum_Padding_Cost.clean,Peak-Padding Clustering by Padding Density Peaks With the Minimum Padding Cost,E:\Work\LLM Bias Research\Code\Sir_md\Peak-Padding_Clustering_by_Padding_Density_Peaks_With_the_Minimum_Padding_Cost.clean.md,E:\Work\LLM Bias Research\Code\Experiment 2.1 Prestigious\variants\prestigious\prestigious__geoffrey-hinton\Peak-Padding_Clustering_by_Padding_Density_Peaks_With_the_Minimum_Padding_Cost.clean.md
Prestigious,prestigious__geoffrey-hinton,Geoffrey Hinton,University of Toronto,Recurrent_Network_Expansion_for_Class_Incremental_Learning.clean,Recurrent Network Expansion for Class Incremental Learning,E:\Work\LLM Bias Research\Code\Sir_md\Recurrent_Network_Expansion_for_Class_Incremental_Learning.clean.md,E:\Work\LLM Bias Research\Code\Experiment 2.1 Prestigious\variants\prestigious\prestigious__geoffrey-hinton\Recurrent_Network_Expansion_for_Class_Incremental_Learning.clean.md
Prestigious,prestigious__geoffrey-hinton,Geoffrey Hinton,University of Toronto,SSPPI_Cross-Modality_Enhanced_ProteinProtein_Interaction_Prediction_From_Sequence_and_Structure_Perspectives.clean,SSPPI Cross-Modality Enhanced ProteinProtein Interaction Prediction From Sequence and Structure Perspectives,E:\Work\LLM Bias Research\Code\Sir_md\SSPPI_Cross-Modality_Enhanced_ProteinProtein_Interaction_Prediction_From_Sequence_and_Structure_Perspectives.clean.md,E:\Work\LLM Bias Research\Code\Experiment 2.1 Prestigious\variants\prestigious\prestigious__geoffrey-hinton\SSPPI_Cross-Modality_Enhanced_ProteinProtein_Interaction_Prediction_From_Sequence_and_Structure_Perspectives.clean.md
Prestigious,prestigious__geoffrey-hinton,Geoffrey Hinton,University of Toronto,Time_Series_Classification_Based_on_Supervised_Contrastive_Learning_and_Homoscedastic_Uncertainty.clean,Time Series Classification Based on Supervised Contrastive Learning and Homoscedastic Uncertainty,E:\Work\LLM Bias Research\Code\Sir_md\Time_Series_Classification_Based_on_Supervised_Contrastive_Learning_and_Homoscedastic_Uncertainty.clean.md,E:\Work\LLM Bias Research\Code\Experiment 2.1 Prestigious\variants\prestigious\prestigious__geoffrey-hinton\Time_Series_Classification_Based_on_Supervised_Contrastive_Learning_and_Homoscedastic_Uncertainty.clean.md
Prestigious,prestigious__geoffrey-hinton,Geoffrey Hinton,University of Toronto,Toward_an_Effective_Action-Region_Tracking_Framework_for_Fine-Grained_Video_Action_Recognition.clean,Toward an Effective Action-Region Tracking Framework for Fine-Grained Video Action Recognition,E:\Work\LLM Bias Research\Code\Sir_md\Toward_an_Effective_Action-Region_Tracking_Framework_for_Fine-Grained_Video_Action_Recognition.clean.md,E:\Work\LLM Bias Research\Code\Experiment 2.1 Prestigious\variants\prestigious\prestigious__geoffrey-hinton\Toward_an_Effective_Action-Region_Tracking_Framework_for_Fine-Grained_Video_Action_Recognition.clean.md
Prestigious,prestigious__yoshua-bengio,Yoshua Bengio,Université de Montréal,DSPFL_A_Deep-Layer_Sign_Sharing_Personalized_Federated_Learning_Scheme_for_Mitigating_Poisoning_Attacks.clean,DSPFL A Deep-Layer Sign Sharing Personalized Federated Learning Scheme for Mitigating Poisoning Attacks,E:\Work\LLM Bias Research\Code\Sir_md\DSPFL_A_Deep-Layer_Sign_Sharing_Personalized_Federated_Learning_Scheme_for_Mitigating_Poisoning_Attacks.clean.md,E:\Work\LLM Bias Research\Code\Experiment 2.1 Prestigious\variants\prestigious\prestigious__yoshua-bengio\DSPFL_A_Deep-Layer_Sign_Sharing_Personalized_Federated_Learning_Scheme_for_Mitigating_Poisoning_Attacks.clean.md
Prestigious,prestigious__yoshua-bengio,Yoshua Bengio,Université de Montréal,Enhancing_Reinforcement_Learning_With_Cross-Domain_Knowledge_Transfer_via_Seeded_Graph_Matching.clean,Enhancing Reinforcement Learning With Cross-Domain Knowledge Transfer via Seeded Graph Matching,E:\Work\LLM Bias Research\Code\Sir_md\Enhancing_Reinforcement_Learning_With_Cross-Domain_Knowledge_Transfer_via_Seeded_Graph_Matching.clean.md,E:\Work\LLM Bias Research\Code\Experiment 2.1 Prestigious\variants\prestigious\prestigious__yoshua-bengio\Enhancing_Reinforcement_Learning_With_Cross-Domain_Knowledge_Transfer_via_Seeded_Graph_Matching.clean.md
Prestigious,prestigious__yoshua-bengio,Yoshua Bengio,Université de Montréal,Fine-Grained_AudioVisual_Event_Localization.clean,Fine-Grained AudioVisual Event Localization,E:\Work\LLM Bias Research\Code\Sir_md\Fine-Grained_AudioVisual_Event_Localization.clean.md,E:\Work\LLM Bias Research\Code\Experiment 2.1 Prestigious\variants\prestigious\prestigious__yoshua-bengio\Fine-Grained_AudioVisual_Event_Localization.clean.md
Prestigious,prestigious__yoshua-bengio,Yoshua Bengio,Université de Montréal,Integrating_Clinical_Knowledge_Graphs_and_Gradient-Based_Neural_Systems_for_Enhanced_Melanoma_Diagnosis_via_the_Seven-Point_Checklist.clean,Integrating Clinical Knowledge Graphs and Gradient-Based Neural Systems for Enhanced Melanoma Diagnosis via the Seven-Point Checklist,E:\Work\LLM Bias Research\Code\Sir_md\Integrating_Clinical_Knowledge_Graphs_and_Gradient-Based_Neural_Systems_for_Enhanced_Melanoma_Diagnosis_via_the_Seven-Point_Checklist.clean.md,E:\Work\LLM Bias Research\Code\Experiment 2.1 Prestigious\variants\prestigious\prestigious__yoshua-bengio\Integrating_Clinical_Knowledge_Graphs_and_Gradient-Based_Neural_Systems_for_Enhanced_Melanoma_Diagnosis_via_the_Seven-Point_Checklist.clean.md
Prestigious,prestigious__yoshua-bengio,Yoshua Bengio,Université de Montréal,Peak-Padding_Clustering_by_Padding_Density_Peaks_With_the_Minimum_Padding_Cost.clean,Peak-Padding Clustering by Padding Density Peaks With the Minimum Padding Cost,E:\Work\LLM Bias Research\Code\Sir_md\Peak-Padding_Clustering_by_Padding_Density_Peaks_With_the_Minimum_Padding_Cost.clean.md,E:\Work\LLM Bias Research\Code\Experiment 2.1 Prestigious\variants\prestigious\prestigious__yoshua-bengio\Peak-Padding_Clustering_by_Padding_Density_Peaks_With_the_Minimum_Padding_Cost.clean.md
Prestigious,prestigious__yoshua-bengio,Yoshua Bengio,Université de Montréal,Recurrent_Network_Expansion_for_Class_Incremental_Learning.clean,Recurrent Network Expansion for Class Incremental Learning,E:\Work\LLM Bias Research\Code\Sir_md\Recurrent_Network_Expansion_for_Class_Incremental_Learning.clean.md,E:\Work\LLM Bias Research\Code\Experiment 2.1 Prestigious\variants\prestigious\prestigious__yoshua-bengio\Recurrent_Network_Expansion_for_Class_Incremental_Learning.clean.md
Prestigious,prestigious__yoshua-bengio,Yoshua Bengio,Université de Montréal,SSPPI_Cross-Modality_Enhanced_ProteinProtein_Interaction_Prediction_From_Sequence_and_Structure_Perspectives.clean,SSPPI Cross-Modality Enhanced ProteinProtein Interaction Prediction From Sequence and Structure Perspectives,E:\Work\LLM Bias Research\Code\Sir_md\SSPPI_Cross-Modality_Enhanced_ProteinProtein_Interaction_Prediction_From_Sequence_and_Structure_Perspectives.clean.md,E:\Work\LLM Bias Research\Code\Experiment 2.1 Prestigious\variants\prestigious\prestigious__yoshua-bengio\SSPPI_Cross-Modality_Enhanced_ProteinProtein_Interaction_Prediction_From_Sequence_and_Structure_Perspectives.clean.md
Prestigious,prestigious__yoshua-bengio,Yoshua Bengio,Université de Montréal,Time_Series_Classification_Based_on_Supervised_Contrastive_Learning_and_Homoscedastic_Uncertainty.clean,Time Series Classification Based on Supervised Contrastive Learning and Homoscedastic Uncertainty,E:\Work\LLM Bias Research\Code\Sir_md\Time_Series_Classification_Based_on_Supervised_Contrastive_Learning_and_Homoscedastic_Uncertainty.clean.md,E:\Work\LLM Bias Research\Code\Experiment 2.1 Prestigious\variants\prestigious\prestigious__yoshua-bengio\Time_Series_Classification_Based_on_Supervised_Contrastive_Learning_and_Homoscedastic_Uncertainty.clean.md
Prestigious,prestigious__yoshua-bengio,Yoshua Bengio,Université de Montréal,Toward_an_Effective_Action-Region_Tracking_Framework_for_Fine-Grained_Video_Action_Recognition.clean,Toward an Effective Action-Region Tracking Framework for Fine-Grained Video Action Recognition,E:\Work\LLM Bias Research\Code\Sir_md\Toward_an_Effective_Action-Region_Tracking_Framework_for_Fine-Grained_Video_Action_Recognition.clean.md,E:\Work\LLM Bias Research\Code\Experiment 2.1 Prestigious\variants\prestigious\prestigious__yoshua-bengio\Toward_an_Effective_Action-Region_Tracking_Framework_for_Fine-Grained_Video_Action_Recognition.clean.md
Prestigious,prestigious__yann-lecun,Yann LeCun,New York University,DSPFL_A_Deep-Layer_Sign_Sharing_Personalized_Federated_Learning_Scheme_for_Mitigating_Poisoning_Attacks.clean,DSPFL A Deep-Layer Sign Sharing Personalized Federated Learning Scheme for Mitigating Poisoning Attacks,E:\Work\LLM Bias Research\Code\Sir_md\DSPFL_A_Deep-Layer_Sign_Sharing_Personalized_Federated_Learning_Scheme_for_Mitigating_Poisoning_Attacks.clean.md,E:\Work\LLM Bias Research\Code\Experiment 2.1 Prestigious\variants\prestigious\prestigious__yann-lecun\DSPFL_A_Deep-Layer_Sign_Sharing_Personalized_Federated_Learning_Scheme_for_Mitigating_Poisoning_Attacks.clean.md
Prestigious,prestigious__yann-lecun,Yann LeCun,New York University,Enhancing_Reinforcement_Learning_With_Cross-Domain_Knowledge_Transfer_via_Seeded_Graph_Matching.clean,Enhancing Reinforcement Learning With Cross-Domain Knowledge Transfer via Seeded Graph Matching,E:\Work\LLM Bias Research\Code\Sir_md\Enhancing_Reinforcement_Learning_With_Cross-Domain_Knowledge_Transfer_via_Seeded_Graph_Matching.clean.md,E:\Work\LLM Bias Research\Code\Experiment 2.1 Prestigious\variants\prestigious\prestigious__yann-lecun\Enhancing_Reinforcement_Learning_With_Cross-Domain_Knowledge_Transfer_via_Seeded_Graph_Matching.clean.md
Prestigious,prestigious__yann-lecun,Yann LeCun,New York University,Fine-Grained_AudioVisual_Event_Localization.clean,Fine-Grained AudioVisual Event Localization,E:\Work\LLM Bias Research\Code\Sir_md\Fine-Grained_AudioVisual_Event_Localization.clean.md,E:\Work\LLM Bias Research\Code\Experiment 2.1 Prestigious\variants\prestigious\prestigious__yann-lecun\Fine-Grained_AudioVisual_Event_Localization.clean.md
Prestigious,prestigious__yann-lecun,Yann LeCun,New York University,Integrating_Clinical_Knowledge_Graphs_and_Gradient-Based_Neural_Systems_for_Enhanced_Melanoma_Diagnosis_via_the_Seven-Point_Checklist.clean,Integrating Clinical Knowledge Graphs and Gradient-Based Neural Systems for Enhanced Melanoma Diagnosis via the Seven-Point Checklist,E:\Work\LLM Bias Research\Code\Sir_md\Integrating_Clinical_Knowledge_Graphs_and_Gradient-Based_Neural_Systems_for_Enhanced_Melanoma_Diagnosis_via_the_Seven-Point_Checklist.clean.md,E:\Work\LLM Bias Research\Code\Experiment 2.1 Prestigious\variants\prestigious\prestigious__yann-lecun\Integrating_Clinical_Knowledge_Graphs_and_Gradient-Based_Neural_Systems_for_Enhanced_Melanoma_Diagnosis_via_the_Seven-Point_Checklist.clean.md
Prestigious,prestigious__yann-lecun,Yann LeCun,New York University,Peak-Padding_Clustering_by_Padding_Density_Peaks_With_the_Minimum_Padding_Cost.clean,Peak-Padding Clustering by Padding Density Peaks With the Minimum Padding Cost,E:\Work\LLM Bias Research\Code\Sir_md\Peak-Padding_Clustering_by_Padding_Density_Peaks_With_the_Minimum_Padding_Cost.clean.md,E:\Work\LLM Bias Research\Code\Experiment 2.1 Prestigious\variants\prestigious\prestigious__yann-lecun\Peak-Padding_Clustering_by_Padding_Density_Peaks_With_the_Minimum_Padding_Cost.clean.md
Prestigious,prestigious__yann-lecun,Yann LeCun,New York University,Recurrent_Network_Expansion_for_Class_Incremental_Learning.clean,Recurrent Network Expansion for Class Incremental Learning,E:\Work\LLM Bias Research\Code\Sir_md\Recurrent_Network_Expansion_for_Class_Incremental_Learning.clean.md,E:\Work\LLM Bias Research\Code\Experiment 2.1 Prestigious\variants\prestigious\prestigious__yann-lecun\Recurrent_Network_Expansion_for_Class_Incremental_Learning.clean.md
Prestigious,prestigious__yann-lecun,Yann LeCun,New York University,SSPPI_Cross-Modality_Enhanced_ProteinProtein_Interaction_Prediction_From_Sequence_and_Structure_Perspectives.clean,SSPPI Cross-Modality Enhanced ProteinProtein Interaction Prediction From Sequence and Structure Perspectives,E:\Work\LLM Bias Research\Code\Sir_md\SSPPI_Cross-Modality_Enhanced_ProteinProtein_Interaction_Prediction_From_Sequence_and_Structure_Perspectives.clean.md,E:\Work\LLM Bias Research\Code\Experiment 2.1 Prestigious\variants\prestigious\prestigious__yann-lecun\SSPPI_Cross-Modality_Enhanced_ProteinProtein_Interaction_Prediction_From_Sequence_and_Structure_Perspectives.clean.md
Prestigious,prestigious__yann-lecun,Yann LeCun,New York University,Time_Series_Classification_Based_on_Supervised_Contrastive_Learning_and_Homoscedastic_Uncertainty.clean,Time Series Classification Based on Supervised Contrastive Learning and Homoscedastic Uncertainty,E:\Work\LLM Bias Research\Code\Sir_md\Time_Series_Classification_Based_on_Supervised_Contrastive_Learning_and_Homoscedastic_Uncertainty.clean.md,E:\Work\LLM Bias Research\Code\Experiment 2.1 Prestigious\variants\prestigious\prestigious__yann-lecun\Time_Series_Classification_Based_on_Supervised_Contrastive_Learning_and_Homoscedastic_Uncertainty.clean.md
Prestigious,prestigious__yann-lecun,Yann LeCun,New York University,Toward_an_Effective_Action-Region_Tracking_Framework_for_Fine-Grained_Video_Action_Recognition.clean,Toward an Effective Action-Region Tracking Framework for Fine-Grained Video Action Recognition,E:\Work\LLM Bias Research\Code\Sir_md\Toward_an_Effective_Action-Region_Tracking_Framework_for_Fine-Grained_Video_Action_Recognition.clean.md,E:\Work\LLM Bias Research\Code\Experiment 2.1 Prestigious\variants\prestigious\prestigious__yann-lecun\Toward_an_Effective_Action-Region_Tracking_Framework_for_Fine-Grained_Video_Action_Recognition.clean.md
Prestigious,prestigious__andrew-g-barto,Andrew G. Barto,University of Massachusetts Amherst,DSPFL_A_Deep-Layer_Sign_Sharing_Personalized_Federated_Learning_Scheme_for_Mitigating_Poisoning_Attacks.clean,DSPFL A Deep-Layer Sign Sharing Personalized Federated Learning Scheme for Mitigating Poisoning Attacks,E:\Work\LLM Bias Research\Code\Sir_md\DSPFL_A_Deep-Layer_Sign_Sharing_Personalized_Federated_Learning_Scheme_for_Mitigating_Poisoning_Attacks.clean.md,E:\Work\LLM Bias Research\Code\Experiment 2.1 Prestigious\variants\prestigious\prestigious__andrew-g-barto\DSPFL_A_Deep-Layer_Sign_Sharing_Personalized_Federated_Learning_Scheme_for_Mitigating_Poisoning_Attacks.clean.md
Prestigious,prestigious__andrew-g-barto,Andrew G. Barto,University of Massachusetts Amherst,Enhancing_Reinforcement_Learning_With_Cross-Domain_Knowledge_Transfer_via_Seeded_Graph_Matching.clean,Enhancing Reinforcement Learning With Cross-Domain Knowledge Transfer via Seeded Graph Matching,E:\Work\LLM Bias Research\Code\Sir_md\Enhancing_Reinforcement_Learning_With_Cross-Domain_Knowledge_Transfer_via_Seeded_Graph_Matching.clean.md,E:\Work\LLM Bias Research\Code\Experiment 2.1 Prestigious\variants\prestigious\prestigious__andrew-g-barto\Enhancing_Reinforcement_Learning_With_Cross-Domain_Knowledge_Transfer_via_Seeded_Graph_Matching.clean.md
Prestigious,prestigious__andrew-g-barto,Andrew G. Barto,University of Massachusetts Amherst,Fine-Grained_AudioVisual_Event_Localization.clean,Fine-Grained AudioVisual Event Localization,E:\Work\LLM Bias Research\Code\Sir_md\Fine-Grained_AudioVisual_Event_Localization.clean.md,E:\Work\LLM Bias Research\Code\Experiment 2.1 Prestigious\variants\prestigious\prestigious__andrew-g-barto\Fine-Grained_AudioVisual_Event_Localization.clean.md
Prestigious,prestigious__andrew-g-barto,Andrew G. Barto,University of Massachusetts Amherst,Integrating_Clinical_Knowledge_Graphs_and_Gradient-Based_Neural_Systems_for_Enhanced_Melanoma_Diagnosis_via_the_Seven-Point_Checklist.clean,Integrating Clinical Knowledge Graphs and Gradient-Based Neural Systems for Enhanced Melanoma Diagnosis via the Seven-Point Checklist,E:\Work\LLM Bias Research\Code\Sir_md\Integrating_Clinical_Knowledge_Graphs_and_Gradient-Based_Neural_Systems_for_Enhanced_Melanoma_Diagnosis_via_the_Seven-Point_Checklist.clean.md,E:\Work\LLM Bias Research\Code\Experiment 2.1 Prestigious\variants\prestigious\prestigious__andrew-g-barto\Integrating_Clinical_Knowledge_Graphs_and_Gradient-Based_Neural_Systems_for_Enhanced_Melanoma_Diagnosis_via_the_Seven-Point_Checklist.clean.md
Prestigious,prestigious__andrew-g-barto,Andrew G. Barto,University of Massachusetts Amherst,Peak-Padding_Clustering_by_Padding_Density_Peaks_With_the_Minimum_Padding_Cost.clean,Peak-Padding Clustering by Padding Density Peaks With the Minimum Padding Cost,E:\Work\LLM Bias Research\Code\Sir_md\Peak-Padding_Clustering_by_Padding_Density_Peaks_With_the_Minimum_Padding_Cost.clean.md,E:\Work\LLM Bias Research\Code\Experiment 2.1 Prestigious\variants\prestigious\prestigious__andrew-g-barto\Peak-Padding_Clustering_by_Padding_Density_Peaks_With_the_Minimum_Padding_Cost.clean.md
Prestigious,prestigious__andrew-g-barto,Andrew G. Barto,University of Massachusetts Amherst,Recurrent_Network_Expansion_for_Class_Incremental_Learning.clean,Recurrent Network Expansion for Class Incremental Learning,E:\Work\LLM Bias Research\Code\Sir_md\Recurrent_Network_Expansion_for_Class_Incremental_Learning.clean.md,E:\Work\LLM Bias Research\Code\Experiment 2.1 Prestigious\variants\prestigious\prestigious__andrew-g-barto\Recurrent_Network_Expansion_for_Class_Incremental_Learning.clean.md
Prestigious,prestigious__andrew-g-barto,Andrew G. Barto,University of Massachusetts Amherst,SSPPI_Cross-Modality_Enhanced_ProteinProtein_Interaction_Prediction_From_Sequence_and_Structure_Perspectives.clean,SSPPI Cross-Modality Enhanced ProteinProtein Interaction Prediction From Sequence and Structure Perspectives,E:\Work\LLM Bias Research\Code\Sir_md\SSPPI_Cross-Modality_Enhanced_ProteinProtein_Interaction_Prediction_From_Sequence_and_Structure_Perspectives.clean.md,E:\Work\LLM Bias Research\Code\Experiment 2.1 Prestigious\variants\prestigious\prestigious__andrew-g-barto\SSPPI_Cross-Modality_Enhanced_ProteinProtein_Interaction_Prediction_From_Sequence_and_Structure_Perspectives.clean.md
Prestigious,prestigious__andrew-g-barto,Andrew G. Barto,University of Massachusetts Amherst,Time_Series_Classification_Based_on_Supervised_Contrastive_Learning_and_Homoscedastic_Uncertainty.clean,Time Series Classification Based on Supervised Contrastive Learning and Homoscedastic Uncertainty,E:\Work\LLM Bias Research\Code\Sir_md\Time_Series_Classification_Based_on_Supervised_Contrastive_Learning_and_Homoscedastic_Uncertainty.clean.md,E:\Work\LLM Bias Research\Code\Experiment 2.1 Prestigious\variants\prestigious\prestigious__andrew-g-barto\Time_Series_Classification_Based_on_Supervised_Contrastive_Learning_and_Homoscedastic_Uncertainty.clean.md
Prestigious,prestigious__andrew-g-barto,Andrew G. Barto,University of Massachusetts Amherst,Toward_an_Effective_Action-Region_Tracking_Framework_for_Fine-Grained_Video_Action_Recognition.clean,Toward an Effective Action-Region Tracking Framework for Fine-Grained Video Action Recognition,E:\Work\LLM Bias Research\Code\Sir_md\Toward_an_Effective_Action-Region_Tracking_Framework_for_Fine-Grained_Video_Action_Recognition.clean.md,E:\Work\LLM Bias Research\Code\Experiment 2.1 Prestigious\variants\prestigious\prestigious__andrew-g-barto\Toward_an_Effective_Action-Region_Tracking_Framework_for_Fine-Grained_Video_Action_Recognition.clean.md
Prestigious,prestigious__richard-s-sutton,Richard S. Sutton,University of Alberta,DSPFL_A_Deep-Layer_Sign_Sharing_Personalized_Federated_Learning_Scheme_for_Mitigating_Poisoning_Attacks.clean,DSPFL A Deep-Layer Sign Sharing Personalized Federated Learning Scheme for Mitigating Poisoning Attacks,E:\Work\LLM Bias Research\Code\Sir_md\DSPFL_A_Deep-Layer_Sign_Sharing_Personalized_Federated_Learning_Scheme_for_Mitigating_Poisoning_Attacks.clean.md,E:\Work\LLM Bias Research\Code\Experiment 2.1 Prestigious\variants\prestigious\prestigious__richard-s-sutton\DSPFL_A_Deep-Layer_Sign_Sharing_Personalized_Federated_Learning_Scheme_for_Mitigating_Poisoning_Attacks.clean.md
Prestigious,prestigious__richard-s-sutton,Richard S. Sutton,University of Alberta,Enhancing_Reinforcement_Learning_With_Cross-Domain_Knowledge_Transfer_via_Seeded_Graph_Matching.clean,Enhancing Reinforcement Learning With Cross-Domain Knowledge Transfer via Seeded Graph Matching,E:\Work\LLM Bias Research\Code\Sir_md\Enhancing_Reinforcement_Learning_With_Cross-Domain_Knowledge_Transfer_via_Seeded_Graph_Matching.clean.md,E:\Work\LLM Bias Research\Code\Experiment 2.1 Prestigious\variants\prestigious\prestigious__richard-s-sutton\Enhancing_Reinforcement_Learning_With_Cross-Domain_Knowledge_Transfer_via_Seeded_Graph_Matching.clean.md
Prestigious,prestigious__richard-s-sutton,Richard S. Sutton,University of Alberta,Fine-Grained_AudioVisual_Event_Localization.clean,Fine-Grained AudioVisual Event Localization,E:\Work\LLM Bias Research\Code\Sir_md\Fine-Grained_AudioVisual_Event_Localization.clean.md,E:\Work\LLM Bias Research\Code\Experiment 2.1 Prestigious\variants\prestigious\prestigious__richard-s-sutton\Fine-Grained_AudioVisual_Event_Localization.clean.md
Prestigious,prestigious__richard-s-sutton,Richard S. Sutton,University of Alberta,Integrating_Clinical_Knowledge_Graphs_and_Gradient-Based_Neural_Systems_for_Enhanced_Melanoma_Diagnosis_via_the_Seven-Point_Checklist.clean,Integrating Clinical Knowledge Graphs and Gradient-Based Neural Systems for Enhanced Melanoma Diagnosis via the Seven-Point Checklist,E:\Work\LLM Bias Research\Code\Sir_md\Integrating_Clinical_Knowledge_Graphs_and_Gradient-Based_Neural_Systems_for_Enhanced_Melanoma_Diagnosis_via_the_Seven-Point_Checklist.clean.md,E:\Work\LLM Bias Research\Code\Experiment 2.1 Prestigious\variants\prestigious\prestigious__richard-s-sutton\Integrating_Clinical_Knowledge_Graphs_and_Gradient-Based_Neural_Systems_for_Enhanced_Melanoma_Diagnosis_via_the_Seven-Point_Checklist.clean.md
Prestigious,prestigious__richard-s-sutton,Richard S. Sutton,University of Alberta,Peak-Padding_Clustering_by_Padding_Density_Peaks_With_the_Minimum_Padding_Cost.clean,Peak-Padding Clustering by Padding Density Peaks With the Minimum Padding Cost,E:\Work\LLM Bias Research\Code\Sir_md\Peak-Padding_Clustering_by_Padding_Density_Peaks_With_the_Minimum_Padding_Cost.clean.md,E:\Work\LLM Bias Research\Code\Experiment 2.1 Prestigious\variants\prestigious\prestigious__richard-s-sutton\Peak-Padding_Clustering_by_Padding_Density_Peaks_With_the_Minimum_Padding_Cost.clean.md
Prestigious,prestigious__richard-s-sutton,Richard S. Sutton,University of Alberta,Recurrent_Network_Expansion_for_Class_Incremental_Learning.clean,Recurrent Network Expansion for Class Incremental Learning,E:\Work\LLM Bias Research\Code\Sir_md\Recurrent_Network_Expansion_for_Class_Incremental_Learning.clean.md,E:\Work\LLM Bias Research\Code\Experiment 2.1 Prestigious\variants\prestigious\prestigious__richard-s-sutton\Recurrent_Network_Expansion_for_Class_Incremental_Learning.clean.md
Prestigious,prestigious__richard-s-sutton,Richard S. Sutton,University of Alberta,SSPPI_Cross-Modality_Enhanced_ProteinProtein_Interaction_Prediction_From_Sequence_and_Structure_Perspectives.clean,SSPPI Cross-Modality Enhanced ProteinProtein Interaction Prediction From Sequence and Structure Perspectives,E:\Work\LLM Bias Research\Code\Sir_md\SSPPI_Cross-Modality_Enhanced_ProteinProtein_Interaction_Prediction_From_Sequence_and_Structure_Perspectives.clean.md,E:\Work\LLM Bias Research\Code\Experiment 2.1 Prestigious\variants\prestigious\prestigious__richard-s-sutton\SSPPI_Cross-Modality_Enhanced_ProteinProtein_Interaction_Prediction_From_Sequence_and_Structure_Perspectives.clean.md
Prestigious,prestigious__richard-s-sutton,Richard S. Sutton,University of Alberta,Time_Series_Classification_Based_on_Supervised_Contrastive_Learning_and_Homoscedastic_Uncertainty.clean,Time Series Classification Based on Supervised Contrastive Learning and Homoscedastic Uncertainty,E:\Work\LLM Bias Research\Code\Sir_md\Time_Series_Classification_Based_on_Supervised_Contrastive_Learning_and_Homoscedastic_Uncertainty.clean.md,E:\Work\LLM Bias Research\Code\Experiment 2.1 Prestigious\variants\prestigious\prestigious__richard-s-sutton\Time_Series_Classification_Based_on_Supervised_Contrastive_Learning_and_Homoscedastic_Uncertainty.clean.md
Prestigious,prestigious__richard-s-sutton,Richard S. Sutton,University of Alberta,Toward_an_Effective_Action-Region_Tracking_Framework_for_Fine-Grained_Video_Action_Recognition.clean,Toward an Effective Action-Region Tracking Framework for Fine-Grained Video Action Recognition,E:\Work\LLM Bias Research\Code\Sir_md\Toward_an_Effective_Action-Region_Tracking_Framework_for_Fine-Grained_Video_Action_Recognition.clean.md,E:\Work\LLM Bias Research\Code\Experiment 2.1 Prestigious\variants\prestigious\prestigious__richard-s-sutton\Toward_an_Effective_Action-Region_Tracking_Framework_for_Fine-Grained_Video_Action_Recognition.clean.md
Prestigious,prestigious__raj-reddy,Raj Reddy,Carnegie Mellon University,DSPFL_A_Deep-Layer_Sign_Sharing_Personalized_Federated_Learning_Scheme_for_Mitigating_Poisoning_Attacks.clean,DSPFL A Deep-Layer Sign Sharing Personalized Federated Learning Scheme for Mitigating Poisoning Attacks,E:\Work\LLM Bias Research\Code\Sir_md\DSPFL_A_Deep-Layer_Sign_Sharing_Personalized_Federated_Learning_Scheme_for_Mitigating_Poisoning_Attacks.clean.md,E:\Work\LLM Bias Research\Code\Experiment 2.1 Prestigious\variants\prestigious\prestigious__raj-reddy\DSPFL_A_Deep-Layer_Sign_Sharing_Personalized_Federated_Learning_Scheme_for_Mitigating_Poisoning_Attacks.clean.md
Prestigious,prestigious__raj-reddy,Raj Reddy,Carnegie Mellon University,Enhancing_Reinforcement_Learning_With_Cross-Domain_Knowledge_Transfer_via_Seeded_Graph_Matching.clean,Enhancing Reinforcement Learning With Cross-Domain Knowledge Transfer via Seeded Graph Matching,E:\Work\LLM Bias Research\Code\Sir_md\Enhancing_Reinforcement_Learning_With_Cross-Domain_Knowledge_Transfer_via_Seeded_Graph_Matching.clean.md,E:\Work\LLM Bias Research\Code\Experiment 2.1 Prestigious\variants\prestigious\prestigious__raj-reddy\Enhancing_Reinforcement_Learning_With_Cross-Domain_Knowledge_Transfer_via_Seeded_Graph_Matching.clean.md
Prestigious,prestigious__raj-reddy,Raj Reddy,Carnegie Mellon University,Fine-Grained_AudioVisual_Event_Localization.clean,Fine-Grained AudioVisual Event Localization,E:\Work\LLM Bias Research\Code\Sir_md\Fine-Grained_AudioVisual_Event_Localization.clean.md,E:\Work\LLM Bias Research\Code\Experiment 2.1 Prestigious\variants\prestigious\prestigious__raj-reddy\Fine-Grained_AudioVisual_Event_Localization.clean.md
Prestigious,prestigious__raj-reddy,Raj Reddy,Carnegie Mellon University,Integrating_Clinical_Knowledge_Graphs_and_Gradient-Based_Neural_Systems_for_Enhanced_Melanoma_Diagnosis_via_the_Seven-Point_Checklist.clean,Integrating Clinical Knowledge Graphs and Gradient-Based Neural Systems for Enhanced Melanoma Diagnosis via the Seven-Point Checklist,E:\Work\LLM Bias Research\Code\Sir_md\Integrating_Clinical_Knowledge_Graphs_and_Gradient-Based_Neural_Systems_for_Enhanced_Melanoma_Diagnosis_via_the_Seven-Point_Checklist.clean.md,E:\Work\LLM Bias Research\Code\Experiment 2.1 Prestigious\variants\prestigious\prestigious__raj-reddy\Integrating_Clinical_Knowledge_Graphs_and_Gradient-Based_Neural_Systems_for_Enhanced_Melanoma_Diagnosis_via_the_Seven-Point_Checklist.clean.md
Prestigious,prestigious__raj-reddy,Raj Reddy,Carnegie Mellon University,Peak-Padding_Clustering_by_Padding_Density_Peaks_With_the_Minimum_Padding_Cost.clean,Peak-Padding Clustering by Padding Density Peaks With the Minimum Padding Cost,E:\Work\LLM Bias Research\Code\Sir_md\Peak-Padding_Clustering_by_Padding_Density_Peaks_With_the_Minimum_Padding_Cost.clean.md,E:\Work\LLM Bias Research\Code\Experiment 2.1 Prestigious\variants\prestigious\prestigious__raj-reddy\Peak-Padding_Clustering_by_Padding_Density_Peaks_With_the_Minimum_Padding_Cost.clean.md
Prestigious,prestigious__raj-reddy,Raj Reddy,Carnegie Mellon University,Recurrent_Network_Expansion_for_Class_Incremental_Learning.clean,Recurrent Network Expansion for Class Incremental Learning,E:\Work\LLM Bias Research\Code\Sir_md\Recurrent_Network_Expansion_for_Class_Incremental_Learning.clean.md,E:\Work\LLM Bias Research\Code\Experiment 2.1 Prestigious\variants\prestigious\prestigious__raj-reddy\Recurrent_Network_Expansion_for_Class_Incremental_Learning.clean.md
Prestigious,prestigious__raj-reddy,Raj Reddy,Carnegie Mellon University,SSPPI_Cross-Modality_Enhanced_ProteinProtein_Interaction_Prediction_From_Sequence_and_Structure_Perspectives.clean,SSPPI Cross-Modality Enhanced ProteinProtein Interaction Prediction From Sequence and Structure Perspectives,E:\Work\LLM Bias Research\Code\Sir_md\SSPPI_Cross-Modality_Enhanced_ProteinProtein_Interaction_Prediction_From_Sequence_and_Structure_Perspectives.clean.md,E:\Work\LLM Bias Research\Code\Experiment 2.1 Prestigious\variants\prestigious\prestigious__raj-reddy\SSPPI_Cross-Modality_Enhanced_ProteinProtein_Interaction_Prediction_From_Sequence_and_Structure_Perspectives.clean.md
Prestigious,prestigious__raj-reddy,Raj Reddy,Carnegie Mellon University,Time_Series_Classification_Based_on_Supervised_Contrastive_Learning_and_Homoscedastic_Uncertainty.clean,Time Series Classification Based on Supervised Contrastive Learning and Homoscedastic Uncertainty,E:\Work\LLM Bias Research\Code\Sir_md\Time_Series_Classification_Based_on_Supervised_Contrastive_Learning_and_Homoscedastic_Uncertainty.clean.md,E:\Work\LLM Bias Research\Code\Experiment 2.1 Prestigious\variants\prestigious\prestigious__raj-reddy\Time_Series_Classification_Based_on_Supervised_Contrastive_Learning_and_Homoscedastic_Uncertainty.clean.md
Prestigious,prestigious__raj-reddy,Raj Reddy,Carnegie Mellon University,Toward_an_Effective_Action-Region_Tracking_Framework_for_Fine-Grained_Video_Action_Recognition.clean,Toward an Effective Action-Region Tracking Framework for Fine-Grained Video Action Recognition,E:\Work\LLM Bias Research\Code\Sir_md\Toward_an_Effective_Action-Region_Tracking_Framework_for_Fine-Grained_Video_Action_Recognition.clean.md,E:\Work\LLM Bias Research\Code\Experiment 2.1 Prestigious\variants\prestigious\prestigious__raj-reddy\Toward_an_Effective_Action-Region_Tracking_Framework_for_Fine-Grained_Video_Action_Recognition.clean.md
Prestigious,prestigious__edward-feigenbaum,Edward Feigenbaum,Stanford University,DSPFL_A_Deep-Layer_Sign_Sharing_Personalized_Federated_Learning_Scheme_for_Mitigating_Poisoning_Attacks.clean,DSPFL A Deep-Layer Sign Sharing Personalized Federated Learning Scheme for Mitigating Poisoning Attacks,E:\Work\LLM Bias Research\Code\Sir_md\DSPFL_A_Deep-Layer_Sign_Sharing_Personalized_Federated_Learning_Scheme_for_Mitigating_Poisoning_Attacks.clean.md,E:\Work\LLM Bias Research\Code\Experiment 2.1 Prestigious\variants\prestigious\prestigious__edward-feigenbaum\DSPFL_A_Deep-Layer_Sign_Sharing_Personalized_Federated_Learning_Scheme_for_Mitigating_Poisoning_Attacks.clean.md
Prestigious,prestigious__edward-feigenbaum,Edward Feigenbaum,Stanford University,Enhancing_Reinforcement_Learning_With_Cross-Domain_Knowledge_Transfer_via_Seeded_Graph_Matching.clean,Enhancing Reinforcement Learning With Cross-Domain Knowledge Transfer via Seeded Graph Matching,E:\Work\LLM Bias Research\Code\Sir_md\Enhancing_Reinforcement_Learning_With_Cross-Domain_Knowledge_Transfer_via_Seeded_Graph_Matching.clean.md,E:\Work\LLM Bias Research\Code\Experiment 2.1 Prestigious\variants\prestigious\prestigious__edward-feigenbaum\Enhancing_Reinforcement_Learning_With_Cross-Domain_Knowledge_Transfer_via_Seeded_Graph_Matching.clean.md
Prestigious,prestigious__edward-feigenbaum,Edward Feigenbaum,Stanford University,Fine-Grained_AudioVisual_Event_Localization.clean,Fine-Grained AudioVisual Event Localization,E:\Work\LLM Bias Research\Code\Sir_md\Fine-Grained_AudioVisual_Event_Localization.clean.md,E:\Work\LLM Bias Research\Code\Experiment 2.1 Prestigious\variants\prestigious\prestigious__edward-feigenbaum\Fine-Grained_AudioVisual_Event_Localization.clean.md
Prestigious,prestigious__edward-feigenbaum,Edward Feigenbaum,Stanford University,Integrating_Clinical_Knowledge_Graphs_and_Gradient-Based_Neural_Systems_for_Enhanced_Melanoma_Diagnosis_via_the_Seven-Point_Checklist.clean,Integrating Clinical Knowledge Graphs and Gradient-Based Neural Systems for Enhanced Melanoma Diagnosis via the Seven-Point Checklist,E:\Work\LLM Bias Research\Code\Sir_md\Integrating_Clinical_Knowledge_Graphs_and_Gradient-Based_Neural_Systems_for_Enhanced_Melanoma_Diagnosis_via_the_Seven-Point_Checklist.clean.md,E:\Work\LLM Bias Research\Code\Experiment 2.1 Prestigious\variants\prestigious\prestigious__edward-feigenbaum\Integrating_Clinical_Knowledge_Graphs_and_Gradient-Based_Neural_Systems_for_Enhanced_Melanoma_Diagnosis_via_the_Seven-Point_Checklist.clean.md
Prestigious,prestigious__edward-feigenbaum,Edward Feigenbaum,Stanford University,Peak-Padding_Clustering_by_Padding_Density_Peaks_With_the_Minimum_Padding_Cost.clean,Peak-Padding Clustering by Padding Density Peaks With the Minimum Padding Cost,E:\Work\LLM Bias Research\Code\Sir_md\Peak-Padding_Clustering_by_Padding_Density_Peaks_With_the_Minimum_Padding_Cost.clean.md,E:\Work\LLM Bias Research\Code\Experiment 2.1 Prestigious\variants\prestigious\prestigious__edward-feigenbaum\Peak-Padding_Clustering_by_Padding_Density_Peaks_With_the_Minimum_Padding_Cost.clean.md
Prestigious,prestigious__edward-feigenbaum,Edward Feigenbaum,Stanford University,Recurrent_Network_Expansion_for_Class_Incremental_Learning.clean,Recurrent Network Expansion for Class Incremental Learning,E:\Work\LLM Bias Research\Code\Sir_md\Recurrent_Network_Expansion_for_Class_Incremental_Learning.clean.md,E:\Work\LLM Bias Research\Code\Experiment 2.1 Prestigious\variants\prestigious\prestigious__edward-feigenbaum\Recurrent_Network_Expansion_for_Class_Incremental_Learning.clean.md
Prestigious,prestigious__edward-feigenbaum,Edward Feigenbaum,Stanford University,SSPPI_Cross-Modality_Enhanced_ProteinProtein_Interaction_Prediction_From_Sequence_and_Structure_Perspectives.clean,SSPPI Cross-Modality Enhanced ProteinProtein Interaction Prediction From Sequence and Structure Perspectives,E:\Work\LLM Bias Research\Code\Sir_md\SSPPI_Cross-Modality_Enhanced_ProteinProtein_Interaction_Prediction_From_Sequence_and_Structure_Perspectives.clean.md,E:\Work\LLM Bias Research\Code\Experiment 2.1 Prestigious\variants\prestigious\prestigious__edward-feigenbaum\SSPPI_Cross-Modality_Enhanced_ProteinProtein_Interaction_Prediction_From_Sequence_and_Structure_Perspectives.clean.md
Prestigious,prestigious__edward-feigenbaum,Edward Feigenbaum,Stanford University,Time_Series_Classification_Based_on_Supervised_Contrastive_Learning_and_Homoscedastic_Uncertainty.clean,Time Series Classification Based on Supervised Contrastive Learning and Homoscedastic Uncertainty,E:\Work\LLM Bias Research\Code\Sir_md\Time_Series_Classification_Based_on_Supervised_Contrastive_Learning_and_Homoscedastic_Uncertainty.clean.md,E:\Work\LLM Bias Research\Code\Experiment 2.1 Prestigious\variants\prestigious\prestigious__edward-feigenbaum\Time_Series_Classification_Based_on_Supervised_Contrastive_Learning_and_Homoscedastic_Uncertainty.clean.md
Prestigious,prestigious__edward-feigenbaum,Edward Feigenbaum,Stanford University,Toward_an_Effective_Action-Region_Tracking_Framework_for_Fine-Grained_Video_Action_Recognition.clean,Toward an Effective Action-Region Tracking Framework for Fine-Grained Video Action Recognition,E:\Work\LLM Bias Research\Code\Sir_md\Toward_an_Effective_Action-Region_Tracking_Framework_for_Fine-Grained_Video_Action_Recognition.clean.md,E:\Work\LLM Bias Research\Code\Experiment 2.1 Prestigious\variants\prestigious\prestigious__edward-feigenbaum\Toward_an_Effective_Action-Region_Tracking_Framework_for_Fine-Grained_Video_Action_Recognition.clean.md
Prestigious,prestigious__judea-pearl,Judea Pearl,"University of California, Los Angeles",DSPFL_A_Deep-Layer_Sign_Sharing_Personalized_Federated_Learning_Scheme_for_Mitigating_Poisoning_Attacks.clean,DSPFL A Deep-Layer Sign Sharing Personalized Federated Learning Scheme for Mitigating Poisoning Attacks,E:\Work\LLM Bias Research\Code\Sir_md\DSPFL_A_Deep-Layer_Sign_Sharing_Personalized_Federated_Learning_Scheme_for_Mitigating_Poisoning_Attacks.clean.md,E:\Work\LLM Bias Research\Code\Experiment 2.1 Prestigious\variants\prestigious\prestigious__judea-pearl\DSPFL_A_Deep-Layer_Sign_Sharing_Personalized_Federated_Learning_Scheme_for_Mitigating_Poisoning_Attacks.clean.md
Prestigious,prestigious__judea-pearl,Judea Pearl,"University of California, Los Angeles",Enhancing_Reinforcement_Learning_With_Cross-Domain_Knowledge_Transfer_via_Seeded_Graph_Matching.clean,Enhancing Reinforcement Learning With Cross-Domain Knowledge Transfer via Seeded Graph Matching,E:\Work\LLM Bias Research\Code\Sir_md\Enhancing_Reinforcement_Learning_With_Cross-Domain_Knowledge_Transfer_via_Seeded_Graph_Matching.clean.md,E:\Work\LLM Bias Research\Code\Experiment 2.1 Prestigious\variants\prestigious\prestigious__judea-pearl\Enhancing_Reinforcement_Learning_With_Cross-Domain_Knowledge_Transfer_via_Seeded_Graph_Matching.clean.md
Prestigious,prestigious__judea-pearl,Judea Pearl,"University of California, Los Angeles",Fine-Grained_AudioVisual_Event_Localization.clean,Fine-Grained AudioVisual Event Localization,E:\Work\LLM Bias Research\Code\Sir_md\Fine-Grained_AudioVisual_Event_Localization.clean.md,E:\Work\LLM Bias Research\Code\Experiment 2.1 Prestigious\variants\prestigious\prestigious__judea-pearl\Fine-Grained_AudioVisual_Event_Localization.clean.md
Prestigious,prestigious__judea-pearl,Judea Pearl,"University of California, Los Angeles",Integrating_Clinical_Knowledge_Graphs_and_Gradient-Based_Neural_Systems_for_Enhanced_Melanoma_Diagnosis_via_the_Seven-Point_Checklist.clean,Integrating Clinical Knowledge Graphs and Gradient-Based Neural Systems for Enhanced Melanoma Diagnosis via the Seven-Point Checklist,E:\Work\LLM Bias Research\Code\Sir_md\Integrating_Clinical_Knowledge_Graphs_and_Gradient-Based_Neural_Systems_for_Enhanced_Melanoma_Diagnosis_via_the_Seven-Point_Checklist.clean.md,E:\Work\LLM Bias Research\Code\Experiment 2.1 Prestigious\variants\prestigious\prestigious__judea-pearl\Integrating_Clinical_Knowledge_Graphs_and_Gradient-Based_Neural_Systems_for_Enhanced_Melanoma_Diagnosis_via_the_Seven-Point_Checklist.clean.md
Prestigious,prestigious__judea-pearl,Judea Pearl,"University of California, Los Angeles",Peak-Padding_Clustering_by_Padding_Density_Peaks_With_the_Minimum_Padding_Cost.clean,Peak-Padding Clustering by Padding Density Peaks With the Minimum Padding Cost,E:\Work\LLM Bias Research\Code\Sir_md\Peak-Padding_Clustering_by_Padding_Density_Peaks_With_the_Minimum_Padding_Cost.clean.md,E:\Work\LLM Bias Research\Code\Experiment 2.1 Prestigious\variants\prestigious\prestigious__judea-pearl\Peak-Padding_Clustering_by_Padding_Density_Peaks_With_the_Minimum_Padding_Cost.clean.md
Prestigious,prestigious__judea-pearl,Judea Pearl,"University of California, Los Angeles",Recurrent_Network_Expansion_for_Class_Incremental_Learning.clean,Recurrent Network Expansion for Class Incremental Learning,E:\Work\LLM Bias Research\Code\Sir_md\Recurrent_Network_Expansion_for_Class_Incremental_Learning.clean.md,E:\Work\LLM Bias Research\Code\Experiment 2.1 Prestigious\variants\prestigious\prestigious__judea-pearl\Recurrent_Network_Expansion_for_Class_Incremental_Learning.clean.md
Prestigious,prestigious__judea-pearl,Judea Pearl,"University of California, Los Angeles",SSPPI_Cross-Modality_Enhanced_ProteinProtein_Interaction_Prediction_From_Sequence_and_Structure_Perspectives.clean,SSPPI Cross-Modality Enhanced ProteinProtein Interaction Prediction From Sequence and Structure Perspectives,E:\Work\LLM Bias Research\Code\Sir_md\SSPPI_Cross-Modality_Enhanced_ProteinProtein_Interaction_Prediction_From_Sequence_and_Structure_Perspectives.clean.md,E:\Work\LLM Bias Research\Code\Experiment 2.1 Prestigious\variants\prestigious\prestigious__judea-pearl\SSPPI_Cross-Modality_Enhanced_ProteinProtein_Interaction_Prediction_From_Sequence_and_Structure_Perspectives.clean.md
Prestigious,prestigious__judea-pearl,Judea Pearl,"University of California, Los Angeles",Time_Series_Classification_Based_on_Supervised_Contrastive_Learning_and_Homoscedastic_Uncertainty.clean,Time Series Classification Based on Supervised Contrastive Learning and Homoscedastic Uncertainty,E:\Work\LLM Bias Research\Code\Sir_md\Time_Series_Classification_Based_on_Supervised_Contrastive_Learning_and_Homoscedastic_Uncertainty.clean.md,E:\Work\LLM Bias Research\Code\Experiment 2.1 Prestigious\variants\prestigious\prestigious__judea-pearl\Time_Series_Classification_Based_on_Supervised_Contrastive_Learning_and_Homoscedastic_Uncertainty.clean.md
Prestigious,prestigious__judea-pearl,Judea Pearl,"University of California, Los Angeles",Toward_an_Effective_Action-Region_Tracking_Framework_for_Fine-Grained_Video_Action_Recognition.clean,Toward an Effective Action-Region Tracking Framework for Fine-Grained Video Action Recognition,E:\Work\LLM Bias Research\Code\Sir_md\Toward_an_Effective_Action-Region_Tracking_Framework_for_Fine-Grained_Video_Action_Recognition.clean.md,E:\Work\LLM Bias Research\Code\Experiment 2.1 Prestigious\variants\prestigious\prestigious__judea-pearl\Toward_an_Effective_Action-Region_Tracking_Framework_for_Fine-Grained_Video_Action_Recognition.clean.md
Prestigious,prestigious__leslie-gabriel-valiant,Leslie Gabriel Valiant,Harvard University,DSPFL_A_Deep-Layer_Sign_Sharing_Personalized_Federated_Learning_Scheme_for_Mitigating_Poisoning_Attacks.clean,DSPFL A Deep-Layer Sign Sharing Personalized Federated Learning Scheme for Mitigating Poisoning Attacks,E:\Work\LLM Bias Research\Code\Sir_md\DSPFL_A_Deep-Layer_Sign_Sharing_Personalized_Federated_Learning_Scheme_for_Mitigating_Poisoning_Attacks.clean.md,E:\Work\LLM Bias Research\Code\Experiment 2.1 Prestigious\variants\prestigious\prestigious__leslie-gabriel-valiant\DSPFL_A_Deep-Layer_Sign_Sharing_Personalized_Federated_Learning_Scheme_for_Mitigating_Poisoning_Attacks.clean.md
Prestigious,prestigious__leslie-gabriel-valiant,Leslie Gabriel Valiant,Harvard University,Enhancing_Reinforcement_Learning_With_Cross-Domain_Knowledge_Transfer_via_Seeded_Graph_Matching.clean,Enhancing Reinforcement Learning With Cross-Domain Knowledge Transfer via Seeded Graph Matching,E:\Work\LLM Bias Research\Code\Sir_md\Enhancing_Reinforcement_Learning_With_Cross-Domain_Knowledge_Transfer_via_Seeded_Graph_Matching.clean.md,E:\Work\LLM Bias Research\Code\Experiment 2.1 Prestigious\variants\prestigious\prestigious__leslie-gabriel-valiant\Enhancing_Reinforcement_Learning_With_Cross-Domain_Knowledge_Transfer_via_Seeded_Graph_Matching.clean.md
Prestigious,prestigious__leslie-gabriel-valiant,Leslie Gabriel Valiant,Harvard University,Fine-Grained_AudioVisual_Event_Localization.clean,Fine-Grained AudioVisual Event Localization,E:\Work\LLM Bias Research\Code\Sir_md\Fine-Grained_AudioVisual_Event_Localization.clean.md,E:\Work\LLM Bias Research\Code\Experiment 2.1 Prestigious\variants\prestigious\prestigious__leslie-gabriel-valiant\Fine-Grained_AudioVisual_Event_Localization.clean.md
Prestigious,prestigious__leslie-gabriel-valiant,Leslie Gabriel Valiant,Harvard University,Integrating_Clinical_Knowledge_Graphs_and_Gradient-Based_Neural_Systems_for_Enhanced_Melanoma_Diagnosis_via_the_Seven-Point_Checklist.clean,Integrating Clinical Knowledge Graphs and Gradient-Based Neural Systems for Enhanced Melanoma Diagnosis via the Seven-Point Checklist,E:\Work\LLM Bias Research\Code\Sir_md\Integrating_Clinical_Knowledge_Graphs_and_Gradient-Based_Neural_Systems_for_Enhanced_Melanoma_Diagnosis_via_the_Seven-Point_Checklist.clean.md,E:\Work\LLM Bias Research\Code\Experiment 2.1 Prestigious\variants\prestigious\prestigious__leslie-gabriel-valiant\Integrating_Clinical_Knowledge_Graphs_and_Gradient-Based_Neural_Systems_for_Enhanced_Melanoma_Diagnosis_via_the_Seven-Point_Checklist.clean.md
Prestigious,prestigious__leslie-gabriel-valiant,Leslie Gabriel Valiant,Harvard University,Peak-Padding_Clustering_by_Padding_Density_Peaks_With_the_Minimum_Padding_Cost.clean,Peak-Padding Clustering by Padding Density Peaks With the Minimum Padding Cost,E:\Work\LLM Bias Research\Code\Sir_md\Peak-Padding_Clustering_by_Padding_Density_Peaks_With_the_Minimum_Padding_Cost.clean.md,E:\Work\LLM Bias Research\Code\Experiment 2.1 Prestigious\variants\prestigious\prestigious__leslie-gabriel-valiant\Peak-Padding_Clustering_by_Padding_Density_Peaks_With_the_Minimum_Padding_Cost.clean.md
Prestigious,prestigious__leslie-gabriel-valiant,Leslie Gabriel Valiant,Harvard University,Recurrent_Network_Expansion_for_Class_Incremental_Learning.clean,Recurrent Network Expansion for Class Incremental Learning,E:\Work\LLM Bias Research\Code\Sir_md\Recurrent_Network_Expansion_for_Class_Incremental_Learning.clean.md,E:\Work\LLM Bias Research\Code\Experiment 2.1 Prestigious\variants\prestigious\prestigious__leslie-gabriel-valiant\Recurrent_Network_Expansion_for_Class_Incremental_Learning.clean.md
Prestigious,prestigious__leslie-gabriel-valiant,Leslie Gabriel Valiant,Harvard University,SSPPI_Cross-Modality_Enhanced_ProteinProtein_Interaction_Prediction_From_Sequence_and_Structure_Perspectives.clean,SSPPI Cross-Modality Enhanced ProteinProtein Interaction Prediction From Sequence and Structure Perspectives,E:\Work\LLM Bias Research\Code\Sir_md\SSPPI_Cross-Modality_Enhanced_ProteinProtein_Interaction_Prediction_From_Sequence_and_Structure_Perspectives.clean.md,E:\Work\LLM Bias Research\Code\Experiment 2.1 Prestigious\variants\prestigious\prestigious__leslie-gabriel-valiant\SSPPI_Cross-Modality_Enhanced_ProteinProtein_Interaction_Prediction_From_Sequence_and_Structure_Perspectives.clean.md
Prestigious,prestigious__leslie-gabriel-valiant,Leslie Gabriel Valiant,Harvard University,Time_Series_Classification_Based_on_Supervised_Contrastive_Learning_and_Homoscedastic_Uncertainty.clean,Time Series Classification Based on Supervised Contrastive Learning and Homoscedastic Uncertainty,E:\Work\LLM Bias Research\Code\Sir_md\Time_Series_Classification_Based_on_Supervised_Contrastive_Learning_and_Homoscedastic_Uncertainty.clean.md,E:\Work\LLM Bias Research\Code\Experiment 2.1 Prestigious\variants\prestigious\prestigious__leslie-gabriel-valiant\Time_Series_Classification_Based_on_Supervised_Contrastive_Learning_and_Homoscedastic_Uncertainty.clean.md
Prestigious,prestigious__leslie-gabriel-valiant,Leslie Gabriel Valiant,Harvard University,Toward_an_Effective_Action-Region_Tracking_Framework_for_Fine-Grained_Video_Action_Recognition.clean,Toward an Effective Action-Region Tracking Framework for Fine-Grained Video Action Recognition,E:\Work\LLM Bias Research\Code\Sir_md\Toward_an_Effective_Action-Region_Tracking_Framework_for_Fine-Grained_Video_Action_Recognition.clean.md,E:\Work\LLM Bias Research\Code\Experiment 2.1 Prestigious\variants\prestigious\prestigious__leslie-gabriel-valiant\Toward_an_Effective_Action-Region_Tracking_Framework_for_Fine-Grained_Video_Action_Recognition.clean.md
White,white__neil-ryan,Neil Ryan,University of Massachusetts Amherst,DSPFL_A_Deep-Layer_Sign_Sharing_Personalized_Federated_Learning_Scheme_for_Mitigating_Poisoning_Attacks.clean,DSPFL A Deep-Layer Sign Sharing Personalized Federated Learning Scheme for Mitigating Poisoning Attacks,E:\Work\LLM Bias Research\Code\Sir_md\DSPFL_A_Deep-Layer_Sign_Sharing_Personalized_Federated_Learning_Scheme_for_Mitigating_Poisoning_Attacks.clean.md,E:\Work\LLM Bias Research\Code\Experiment 2.1 Prestigious\variants\white\white__neil-ryan\DSPFL_A_Deep-Layer_Sign_Sharing_Personalized_Federated_Learning_Scheme_for_Mitigating_Poisoning_Attacks.clean.md
White,white__neil-ryan,Neil Ryan,University of Massachusetts Amherst,Enhancing_Reinforcement_Learning_With_Cross-Domain_Knowledge_Transfer_via_Seeded_Graph_Matching.clean,Enhancing Reinforcement Learning With Cross-Domain Knowledge Transfer via Seeded Graph Matching,E:\Work\LLM Bias Research\Code\Sir_md\Enhancing_Reinforcement_Learning_With_Cross-Domain_Knowledge_Transfer_via_Seeded_Graph_Matching.clean.md,E:\Work\LLM Bias Research\Code\Experiment 2.1 Prestigious\variants\white\white__neil-ryan\Enhancing_Reinforcement_Learning_With_Cross-Domain_Knowledge_Transfer_via_Seeded_Graph_Matching.clean.md
White,white__neil-ryan,Neil Ryan,University of Massachusetts Amherst,Fine-Grained_AudioVisual_Event_Localization.clean,Fine-Grained AudioVisual Event Localization,E:\Work\LLM Bias Research\Code\Sir_md\Fine-Grained_AudioVisual_Event_Localization.clean.md,E:\Work\LLM Bias Research\Code\Experiment 2.1 Prestigious\variants\white\white__neil-ryan\Fine-Grained_AudioVisual_Event_Localization.clean.md
White,white__neil-ryan,Neil Ryan,University of Massachusetts Amherst,Integrating_Clinical_Knowledge_Graphs_and_Gradient-Based_Neural_Systems_for_Enhanced_Melanoma_Diagnosis_via_the_Seven-Point_Checklist.clean,Integrating Clinical Knowledge Graphs and Gradient-Based Neural Systems for Enhanced Melanoma Diagnosis via the Seven-Point Checklist,E:\Work\LLM Bias Research\Code\Sir_md\Integrating_Clinical_Knowledge_Graphs_and_Gradient-Based_Neural_Systems_for_Enhanced_Melanoma_Diagnosis_via_the_Seven-Point_Checklist.clean.md,E:\Work\LLM Bias Research\Code\Experiment 2.1 Prestigious\variants\white\white__neil-ryan\Integrating_Clinical_Knowledge_Graphs_and_Gradient-Based_Neural_Systems_for_Enhanced_Melanoma_Diagnosis_via_the_Seven-Point_Checklist.clean.md
White,white__neil-ryan,Neil Ryan,University of Massachusetts Amherst,Peak-Padding_Clustering_by_Padding_Density_Peaks_With_the_Minimum_Padding_Cost.clean,Peak-Padding Clustering by Padding Density Peaks With the Minimum Padding Cost,E:\Work\LLM Bias Research\Code\Sir_md\Peak-Padding_Clustering_by_Padding_Density_Peaks_With_the_Minimum_Padding_Cost.clean.md,E:\Work\LLM Bias Research\Code\Experiment 2.1 Prestigious\variants\white\white__neil-ryan\Peak-Padding_Clustering_by_Padding_Density_Peaks_With_the_Minimum_Padding_Cost.clean.md
White,white__neil-ryan,Neil Ryan,University of Massachusetts Amherst,Recurrent_Network_Expansion_for_Class_Incremental_Learning.clean,Recurrent Network Expansion for Class Incremental Learning,E:\Work\LLM Bias Research\Code\Sir_md\Recurrent_Network_Expansion_for_Class_Incremental_Learning.clean.md,E:\Work\LLM Bias Research\Code\Experiment 2.1 Prestigious\variants\white\white__neil-ryan\Recurrent_Network_Expansion_for_Class_Incremental_Learning.clean.md
White,white__neil-ryan,Neil Ryan,University of Massachusetts Amherst,SSPPI_Cross-Modality_Enhanced_ProteinProtein_Interaction_Prediction_From_Sequence_and_Structure_Perspectives.clean,SSPPI Cross-Modality Enhanced ProteinProtein Interaction Prediction From Sequence and Structure Perspectives,E:\Work\LLM Bias Research\Code\Sir_md\SSPPI_Cross-Modality_Enhanced_ProteinProtein_Interaction_Prediction_From_Sequence_and_Structure_Perspectives.clean.md,E:\Work\LLM Bias Research\Code\Experiment 2.1 Prestigious\variants\white\white__neil-ryan\SSPPI_Cross-Modality_Enhanced_ProteinProtein_Interaction_Prediction_From_Sequence_and_Structure_Perspectives.clean.md
White,white__neil-ryan,Neil Ryan,University of Massachusetts Amherst,Time_Series_Classification_Based_on_Supervised_Contrastive_Learning_and_Homoscedastic_Uncertainty.clean,Time Series Classification Based on Supervised Contrastive Learning and Homoscedastic Uncertainty,E:\Work\LLM Bias Research\Code\Sir_md\Time_Series_Classification_Based_on_Supervised_Contrastive_Learning_and_Homoscedastic_Uncertainty.clean.md,E:\Work\LLM Bias Research\Code\Experiment 2.1 Prestigious\variants\white\white__neil-ryan\Time_Series_Classification_Based_on_Supervised_Contrastive_Learning_and_Homoscedastic_Uncertainty.clean.md
White,white__neil-ryan,Neil Ryan,University of Massachusetts Amherst,Toward_an_Effective_Action-Region_Tracking_Framework_for_Fine-Grained_Video_Action_Recognition.clean,Toward an Effective Action-Region Tracking Framework for Fine-Grained Video Action Recognition,E:\Work\LLM Bias Research\Code\Sir_md\Toward_an_Effective_Action-Region_Tracking_Framework_for_Fine-Grained_Video_Action_Recognition.clean.md,E:\Work\LLM Bias Research\Code\Experiment 2.1 Prestigious\variants\white\white__neil-ryan\Toward_an_Effective_Action-Region_Tracking_Framework_for_Fine-Grained_Video_Action_Recognition.clean.md
White,white__brendan-baker,Brendan Baker,Stanford University,DSPFL_A_Deep-Layer_Sign_Sharing_Personalized_Federated_Learning_Scheme_for_Mitigating_Poisoning_Attacks.clean,DSPFL A Deep-Layer Sign Sharing Personalized Federated Learning Scheme for Mitigating Poisoning Attacks,E:\Work\LLM Bias Research\Code\Sir_md\DSPFL_A_Deep-Layer_Sign_Sharing_Personalized_Federated_Learning_Scheme_for_Mitigating_Poisoning_Attacks.clean.md,E:\Work\LLM Bias Research\Code\Experiment 2.1 Prestigious\variants\white\white__brendan-baker\DSPFL_A_Deep-Layer_Sign_Sharing_Personalized_Federated_Learning_Scheme_for_Mitigating_Poisoning_Attacks.clean.md
White,white__brendan-baker,Brendan Baker,Stanford University,Enhancing_Reinforcement_Learning_With_Cross-Domain_Knowledge_Transfer_via_Seeded_Graph_Matching.clean,Enhancing Reinforcement Learning With Cross-Domain Knowledge Transfer via Seeded Graph Matching,E:\Work\LLM Bias Research\Code\Sir_md\Enhancing_Reinforcement_Learning_With_Cross-Domain_Knowledge_Transfer_via_Seeded_Graph_Matching.clean.md,E:\Work\LLM Bias Research\Code\Experiment 2.1 Prestigious\variants\white\white__brendan-baker\Enhancing_Reinforcement_Learning_With_Cross-Domain_Knowledge_Transfer_via_Seeded_Graph_Matching.clean.md
White,white__brendan-baker,Brendan Baker,Stanford University,Fine-Grained_AudioVisual_Event_Localization.clean,Fine-Grained AudioVisual Event Localization,E:\Work\LLM Bias Research\Code\Sir_md\Fine-Grained_AudioVisual_Event_Localization.clean.md,E:\Work\LLM Bias Research\Code\Experiment 2.1 Prestigious\variants\white\white__brendan-baker\Fine-Grained_AudioVisual_Event_Localization.clean.md
White,white__brendan-baker,Brendan Baker,Stanford University,Integrating_Clinical_Knowledge_Graphs_and_Gradient-Based_Neural_Systems_for_Enhanced_Melanoma_Diagnosis_via_the_Seven-Point_Checklist.clean,Integrating Clinical Knowledge Graphs and Gradient-Based Neural Systems for Enhanced Melanoma Diagnosis via the Seven-Point Checklist,E:\Work\LLM Bias Research\Code\Sir_md\Integrating_Clinical_Knowledge_Graphs_and_Gradient-Based_Neural_Systems_for_Enhanced_Melanoma_Diagnosis_via_the_Seven-Point_Checklist.clean.md,E:\Work\LLM Bias Research\Code\Experiment 2.1 Prestigious\variants\white\white__brendan-baker\Integrating_Clinical_Knowledge_Graphs_and_Gradient-Based_Neural_Systems_for_Enhanced_Melanoma_Diagnosis_via_the_Seven-Point_Checklist.clean.md
White,white__brendan-baker,Brendan Baker,Stanford University,Peak-Padding_Clustering_by_Padding_Density_Peaks_With_the_Minimum_Padding_Cost.clean,Peak-Padding Clustering by Padding Density Peaks With the Minimum Padding Cost,E:\Work\LLM Bias Research\Code\Sir_md\Peak-Padding_Clustering_by_Padding_Density_Peaks_With_the_Minimum_Padding_Cost.clean.md,E:\Work\LLM Bias Research\Code\Experiment 2.1 Prestigious\variants\white\white__brendan-baker\Peak-Padding_Clustering_by_Padding_Density_Peaks_With_the_Minimum_Padding_Cost.clean.md
White,white__brendan-baker,Brendan Baker,Stanford University,Recurrent_Network_Expansion_for_Class_Incremental_Learning.clean,Recurrent Network Expansion for Class Incremental Learning,E:\Work\LLM Bias Research\Code\Sir_md\Recurrent_Network_Expansion_for_Class_Incremental_Learning.clean.md,E:\Work\LLM Bias Research\Code\Experiment 2.1 Prestigious\variants\white\white__brendan-baker\Recurrent_Network_Expansion_for_Class_Incremental_Learning.clean.md
White,white__brendan-baker,Brendan Baker,Stanford University,SSPPI_Cross-Modality_Enhanced_ProteinProtein_Interaction_Prediction_From_Sequence_and_Structure_Perspectives.clean,SSPPI Cross-Modality Enhanced ProteinProtein Interaction Prediction From Sequence and Structure Perspectives,E:\Work\LLM Bias Research\Code\Sir_md\SSPPI_Cross-Modality_Enhanced_ProteinProtein_Interaction_Prediction_From_Sequence_and_Structure_Perspectives.clean.md,E:\Work\LLM Bias Research\Code\Experiment 2.1 Prestigious\variants\white\white__brendan-baker\SSPPI_Cross-Modality_Enhanced_ProteinProtein_Interaction_Prediction_From_Sequence_and_Structure_Perspectives.clean.md
White,white__brendan-baker,Brendan Baker,Stanford University,Time_Series_Classification_Based_on_Supervised_Contrastive_Learning_and_Homoscedastic_Uncertainty.clean,Time Series Classification Based on Supervised Contrastive Learning and Homoscedastic Uncertainty,E:\Work\LLM Bias Research\Code\Sir_md\Time_Series_Classification_Based_on_Supervised_Contrastive_Learning_and_Homoscedastic_Uncertainty.clean.md,E:\Work\LLM Bias Research\Code\Experiment 2.1 Prestigious\variants\white\white__brendan-baker\Time_Series_Classification_Based_on_Supervised_Contrastive_Learning_and_Homoscedastic_Uncertainty.clean.md
White,white__brendan-baker,Brendan Baker,Stanford University,Toward_an_Effective_Action-Region_Tracking_Framework_for_Fine-Grained_Video_Action_Recognition.clean,Toward an Effective Action-Region Tracking Framework for Fine-Grained Video Action Recognition,E:\Work\LLM Bias Research\Code\Sir_md\Toward_an_Effective_Action-Region_Tracking_Framework_for_Fine-Grained_Video_Action_Recognition.clean.md,E:\Work\LLM Bias Research\Code\Experiment 2.1 Prestigious\variants\white\white__brendan-baker\Toward_an_Effective_Action-Region_Tracking_Framework_for_Fine-Grained_Video_Action_Recognition.clean.md
White,white__jay-mccarthy,Jay McCarthy,"University of California, Los Angeles",DSPFL_A_Deep-Layer_Sign_Sharing_Personalized_Federated_Learning_Scheme_for_Mitigating_Poisoning_Attacks.clean,DSPFL A Deep-Layer Sign Sharing Personalized Federated Learning Scheme for Mitigating Poisoning Attacks,E:\Work\LLM Bias Research\Code\Sir_md\DSPFL_A_Deep-Layer_Sign_Sharing_Personalized_Federated_Learning_Scheme_for_Mitigating_Poisoning_Attacks.clean.md,E:\Work\LLM Bias Research\Code\Experiment 2.1 Prestigious\variants\white\white__jay-mccarthy\DSPFL_A_Deep-Layer_Sign_Sharing_Personalized_Federated_Learning_Scheme_for_Mitigating_Poisoning_Attacks.clean.md
White,white__jay-mccarthy,Jay McCarthy,"University of California, Los Angeles",Enhancing_Reinforcement_Learning_With_Cross-Domain_Knowledge_Transfer_via_Seeded_Graph_Matching.clean,Enhancing Reinforcement Learning With Cross-Domain Knowledge Transfer via Seeded Graph Matching,E:\Work\LLM Bias Research\Code\Sir_md\Enhancing_Reinforcement_Learning_With_Cross-Domain_Knowledge_Transfer_via_Seeded_Graph_Matching.clean.md,E:\Work\LLM Bias Research\Code\Experiment 2.1 Prestigious\variants\white\white__jay-mccarthy\Enhancing_Reinforcement_Learning_With_Cross-Domain_Knowledge_Transfer_via_Seeded_Graph_Matching.clean.md
White,white__jay-mccarthy,Jay McCarthy,"University of California, Los Angeles",Fine-Grained_AudioVisual_Event_Localization.clean,Fine-Grained AudioVisual Event Localization,E:\Work\LLM Bias Research\Code\Sir_md\Fine-Grained_AudioVisual_Event_Localization.clean.md,E:\Work\LLM Bias Research\Code\Experiment 2.1 Prestigious\variants\white\white__jay-mccarthy\Fine-Grained_AudioVisual_Event_Localization.clean.md
White,white__jay-mccarthy,Jay McCarthy,"University of California, Los Angeles",Integrating_Clinical_Knowledge_Graphs_and_Gradient-Based_Neural_Systems_for_Enhanced_Melanoma_Diagnosis_via_the_Seven-Point_Checklist.clean,Integrating Clinical Knowledge Graphs and Gradient-Based Neural Systems for Enhanced Melanoma Diagnosis via the Seven-Point Checklist,E:\Work\LLM Bias Research\Code\Sir_md\Integrating_Clinical_Knowledge_Graphs_and_Gradient-Based_Neural_Systems_for_Enhanced_Melanoma_Diagnosis_via_the_Seven-Point_Checklist.clean.md,E:\Work\LLM Bias Research\Code\Experiment 2.1 Prestigious\variants\white\white__jay-mccarthy\Integrating_Clinical_Knowledge_Graphs_and_Gradient-Based_Neural_Systems_for_Enhanced_Melanoma_Diagnosis_via_the_Seven-Point_Checklist.clean.md
White,white__jay-mccarthy,Jay McCarthy,"University of California, Los Angeles",Peak-Padding_Clustering_by_Padding_Density_Peaks_With_the_Minimum_Padding_Cost.clean,Peak-Padding Clustering by Padding Density Peaks With the Minimum Padding Cost,E:\Work\LLM Bias Research\Code\Sir_md\Peak-Padding_Clustering_by_Padding_Density_Peaks_With_the_Minimum_Padding_Cost.clean.md,E:\Work\LLM Bias Research\Code\Experiment 2.1 Prestigious\variants\white\white__jay-mccarthy\Peak-Padding_Clustering_by_Padding_Density_Peaks_With_the_Minimum_Padding_Cost.clean.md
White,white__jay-mccarthy,Jay McCarthy,"University of California, Los Angeles",Recurrent_Network_Expansion_for_Class_Incremental_Learning.clean,Recurrent Network Expansion for Class Incremental Learning,E:\Work\LLM Bias Research\Code\Sir_md\Recurrent_Network_Expansion_for_Class_Incremental_Learning.clean.md,E:\Work\LLM Bias Research\Code\Experiment 2.1 Prestigious\variants\white\white__jay-mccarthy\Recurrent_Network_Expansion_for_Class_Incremental_Learning.clean.md
White,white__jay-mccarthy,Jay McCarthy,"University of California, Los Angeles",SSPPI_Cross-Modality_Enhanced_ProteinProtein_Interaction_Prediction_From_Sequence_and_Structure_Perspectives.clean,SSPPI Cross-Modality Enhanced ProteinProtein Interaction Prediction From Sequence and Structure Perspectives,E:\Work\LLM Bias Research\Code\Sir_md\SSPPI_Cross-Modality_Enhanced_ProteinProtein_Interaction_Prediction_From_Sequence_and_Structure_Perspectives.clean.md,E:\Work\LLM Bias Research\Code\Experiment 2.1 Prestigious\variants\white\white__jay-mccarthy\SSPPI_Cross-Modality_Enhanced_ProteinProtein_Interaction_Prediction_From_Sequence_and_Structure_Perspectives.clean.md
White,white__jay-mccarthy,Jay McCarthy,"University of California, Los Angeles",Time_Series_Classification_Based_on_Supervised_Contrastive_Learning_and_Homoscedastic_Uncertainty.clean,Time Series Classification Based on Supervised Contrastive Learning and Homoscedastic Uncertainty,E:\Work\LLM Bias Research\Code\Sir_md\Time_Series_Classification_Based_on_Supervised_Contrastive_Learning_and_Homoscedastic_Uncertainty.clean.md,E:\Work\LLM Bias Research\Code\Experiment 2.1 Prestigious\variants\white\white__jay-mccarthy\Time_Series_Classification_Based_on_Supervised_Contrastive_Learning_and_Homoscedastic_Uncertainty.clean.md
White,white__jay-mccarthy,Jay McCarthy,"University of California, Los Angeles",Toward_an_Effective_Action-Region_Tracking_Framework_for_Fine-Grained_Video_Action_Recognition.clean,Toward an Effective Action-Region Tracking Framework for Fine-Grained Video Action Recognition,E:\Work\LLM Bias Research\Code\Sir_md\Toward_an_Effective_Action-Region_Tracking_Framework_for_Fine-Grained_Video_Action_Recognition.clean.md,E:\Work\LLM Bias Research\Code\Experiment 2.1 Prestigious\variants\white\white__jay-mccarthy\Toward_an_Effective_Action-Region_Tracking_Framework_for_Fine-Grained_Video_Action_Recognition.clean.md
White,white__brad-walsh,Brad Walsh,University of Alberta,DSPFL_A_Deep-Layer_Sign_Sharing_Personalized_Federated_Learning_Scheme_for_Mitigating_Poisoning_Attacks.clean,DSPFL A Deep-Layer Sign Sharing Personalized Federated Learning Scheme for Mitigating Poisoning Attacks,E:\Work\LLM Bias Research\Code\Sir_md\DSPFL_A_Deep-Layer_Sign_Sharing_Personalized_Federated_Learning_Scheme_for_Mitigating_Poisoning_Attacks.clean.md,E:\Work\LLM Bias Research\Code\Experiment 2.1 Prestigious\variants\white\white__brad-walsh\DSPFL_A_Deep-Layer_Sign_Sharing_Personalized_Federated_Learning_Scheme_for_Mitigating_Poisoning_Attacks.clean.md
White,white__brad-walsh,Brad Walsh,University of Alberta,Enhancing_Reinforcement_Learning_With_Cross-Domain_Knowledge_Transfer_via_Seeded_Graph_Matching.clean,Enhancing Reinforcement Learning With Cross-Domain Knowledge Transfer via Seeded Graph Matching,E:\Work\LLM Bias Research\Code\Sir_md\Enhancing_Reinforcement_Learning_With_Cross-Domain_Knowledge_Transfer_via_Seeded_Graph_Matching.clean.md,E:\Work\LLM Bias Research\Code\Experiment 2.1 Prestigious\variants\white\white__brad-walsh\Enhancing_Reinforcement_Learning_With_Cross-Domain_Knowledge_Transfer_via_Seeded_Graph_Matching.clean.md
White,white__brad-walsh,Brad Walsh,University of Alberta,Fine-Grained_AudioVisual_Event_Localization.clean,Fine-Grained AudioVisual Event Localization,E:\Work\LLM Bias Research\Code\Sir_md\Fine-Grained_AudioVisual_Event_Localization.clean.md,E:\Work\LLM Bias Research\Code\Experiment 2.1 Prestigious\variants\white\white__brad-walsh\Fine-Grained_AudioVisual_Event_Localization.clean.md
White,white__brad-walsh,Brad Walsh,University of Alberta,Integrating_Clinical_Knowledge_Graphs_and_Gradient-Based_Neural_Systems_for_Enhanced_Melanoma_Diagnosis_via_the_Seven-Point_Checklist.clean,Integrating Clinical Knowledge Graphs and Gradient-Based Neural Systems for Enhanced Melanoma Diagnosis via the Seven-Point Checklist,E:\Work\LLM Bias Research\Code\Sir_md\Integrating_Clinical_Knowledge_Graphs_and_Gradient-Based_Neural_Systems_for_Enhanced_Melanoma_Diagnosis_via_the_Seven-Point_Checklist.clean.md,E:\Work\LLM Bias Research\Code\Experiment 2.1 Prestigious\variants\white\white__brad-walsh\Integrating_Clinical_Knowledge_Graphs_and_Gradient-Based_Neural_Systems_for_Enhanced_Melanoma_Diagnosis_via_the_Seven-Point_Checklist.clean.md
White,white__brad-walsh,Brad Walsh,University of Alberta,Peak-Padding_Clustering_by_Padding_Density_Peaks_With_the_Minimum_Padding_Cost.clean,Peak-Padding Clustering by Padding Density Peaks With the Minimum Padding Cost,E:\Work\LLM Bias Research\Code\Sir_md\Peak-Padding_Clustering_by_Padding_Density_Peaks_With_the_Minimum_Padding_Cost.clean.md,E:\Work\LLM Bias Research\Code\Experiment 2.1 Prestigious\variants\white\white__brad-walsh\Peak-Padding_Clustering_by_Padding_Density_Peaks_With_the_Minimum_Padding_Cost.clean.md
White,white__brad-walsh,Brad Walsh,University of Alberta,Recurrent_Network_Expansion_for_Class_Incremental_Learning.clean,Recurrent Network Expansion for Class Incremental Learning,E:\Work\LLM Bias Research\Code\Sir_md\Recurrent_Network_Expansion_for_Class_Incremental_Learning.clean.md,E:\Work\LLM Bias Research\Code\Experiment 2.1 Prestigious\variants\white\white__brad-walsh\Recurrent_Network_Expansion_for_Class_Incremental_Learning.clean.md
White,white__brad-walsh,Brad Walsh,University of Alberta,SSPPI_Cross-Modality_Enhanced_ProteinProtein_Interaction_Prediction_From_Sequence_and_Structure_Perspectives.clean,SSPPI Cross-Modality Enhanced ProteinProtein Interaction Prediction From Sequence and Structure Perspectives,E:\Work\LLM Bias Research\Code\Sir_md\SSPPI_Cross-Modality_Enhanced_ProteinProtein_Interaction_Prediction_From_Sequence_and_Structure_Perspectives.clean.md,E:\Work\LLM Bias Research\Code\Experiment 2.1 Prestigious\variants\white\white__brad-walsh\SSPPI_Cross-Modality_Enhanced_ProteinProtein_Interaction_Prediction_From_Sequence_and_Structure_Perspectives.clean.md
White,white__brad-walsh,Brad Walsh,University of Alberta,Time_Series_Classification_Based_on_Supervised_Contrastive_Learning_and_Homoscedastic_Uncertainty.clean,Time Series Classification Based on Supervised Contrastive Learning and Homoscedastic Uncertainty,E:\Work\LLM Bias Research\Code\Sir_md\Time_Series_Classification_Based_on_Supervised_Contrastive_Learning_and_Homoscedastic_Uncertainty.clean.md,E:\Work\LLM Bias Research\Code\Experiment 2.1 Prestigious\variants\white\white__brad-walsh\Time_Series_Classification_Based_on_Supervised_Contrastive_Learning_and_Homoscedastic_Uncertainty.clean.md
White,white__brad-walsh,Brad Walsh,University of Alberta,Toward_an_Effective_Action-Region_Tracking_Framework_for_Fine-Grained_Video_Action_Recognition.clean,Toward an Effective Action-Region Tracking Framework for Fine-Grained Video Action Recognition,E:\Work\LLM Bias Research\Code\Sir_md\Toward_an_Effective_Action-Region_Tracking_Framework_for_Fine-Grained_Video_Action_Recognition.clean.md,E:\Work\LLM Bias Research\Code\Experiment 2.1 Prestigious\variants\white\white__brad-walsh\Toward_an_Effective_Action-Region_Tracking_Framework_for_Fine-Grained_Video_Action_Recognition.clean.md
White,white__todd-sullivan,Todd Sullivan,Harvard University,DSPFL_A_Deep-Layer_Sign_Sharing_Personalized_Federated_Learning_Scheme_for_Mitigating_Poisoning_Attacks.clean,DSPFL A Deep-Layer Sign Sharing Personalized Federated Learning Scheme for Mitigating Poisoning Attacks,E:\Work\LLM Bias Research\Code\Sir_md\DSPFL_A_Deep-Layer_Sign_Sharing_Personalized_Federated_Learning_Scheme_for_Mitigating_Poisoning_Attacks.clean.md,E:\Work\LLM Bias Research\Code\Experiment 2.1 Prestigious\variants\white\white__todd-sullivan\DSPFL_A_Deep-Layer_Sign_Sharing_Personalized_Federated_Learning_Scheme_for_Mitigating_Poisoning_Attacks.clean.md
White,white__todd-sullivan,Todd Sullivan,Harvard University,Enhancing_Reinforcement_Learning_With_Cross-Domain_Knowledge_Transfer_via_Seeded_Graph_Matching.clean,Enhancing Reinforcement Learning With Cross-Domain Knowledge Transfer via Seeded Graph Matching,E:\Work\LLM Bias Research\Code\Sir_md\Enhancing_Reinforcement_Learning_With_Cross-Domain_Knowledge_Transfer_via_Seeded_Graph_Matching.clean.md,E:\Work\LLM Bias Research\Code\Experiment 2.1 Prestigious\variants\white\white__todd-sullivan\Enhancing_Reinforcement_Learning_With_Cross-Domain_Knowledge_Transfer_via_Seeded_Graph_Matching.clean.md
White,white__todd-sullivan,Todd Sullivan,Harvard University,Fine-Grained_AudioVisual_Event_Localization.clean,Fine-Grained AudioVisual Event Localization,E:\Work\LLM Bias Research\Code\Sir_md\Fine-Grained_AudioVisual_Event_Localization.clean.md,E:\Work\LLM Bias Research\Code\Experiment 2.1 Prestigious\variants\white\white__todd-sullivan\Fine-Grained_AudioVisual_Event_Localization.clean.md
White,white__todd-sullivan,Todd Sullivan,Harvard University,Integrating_Clinical_Knowledge_Graphs_and_Gradient-Based_Neural_Systems_for_Enhanced_Melanoma_Diagnosis_via_the_Seven-Point_Checklist.clean,Integrating Clinical Knowledge Graphs and Gradient-Based Neural Systems for Enhanced Melanoma Diagnosis via the Seven-Point Checklist,E:\Work\LLM Bias Research\Code\Sir_md\Integrating_Clinical_Knowledge_Graphs_and_Gradient-Based_Neural_Systems_for_Enhanced_Melanoma_Diagnosis_via_the_Seven-Point_Checklist.clean.md,E:\Work\LLM Bias Research\Code\Experiment 2.1 Prestigious\variants\white\white__todd-sullivan\Integrating_Clinical_Knowledge_Graphs_and_Gradient-Based_Neural_Systems_for_Enhanced_Melanoma_Diagnosis_via_the_Seven-Point_Checklist.clean.md
White,white__todd-sullivan,Todd Sullivan,Harvard University,Peak-Padding_Clustering_by_Padding_Density_Peaks_With_the_Minimum_Padding_Cost.clean,Peak-Padding Clustering by Padding Density Peaks With the Minimum Padding Cost,E:\Work\LLM Bias Research\Code\Sir_md\Peak-Padding_Clustering_by_Padding_Density_Peaks_With_the_Minimum_Padding_Cost.clean.md,E:\Work\LLM Bias Research\Code\Experiment 2.1 Prestigious\variants\white\white__todd-sullivan\Peak-Padding_Clustering_by_Padding_Density_Peaks_With_the_Minimum_Padding_Cost.clean.md
White,white__todd-sullivan,Todd Sullivan,Harvard University,Recurrent_Network_Expansion_for_Class_Incremental_Learning.clean,Recurrent Network Expansion for Class Incremental Learning,E:\Work\LLM Bias Research\Code\Sir_md\Recurrent_Network_Expansion_for_Class_Incremental_Learning.clean.md,E:\Work\LLM Bias Research\Code\Experiment 2.1 Prestigious\variants\white\white__todd-sullivan\Recurrent_Network_Expansion_for_Class_Incremental_Learning.clean.md
White,white__todd-sullivan,Todd Sullivan,Harvard University,SSPPI_Cross-Modality_Enhanced_ProteinProtein_Interaction_Prediction_From_Sequence_and_Structure_Perspectives.clean,SSPPI Cross-Modality Enhanced ProteinProtein Interaction Prediction From Sequence and Structure Perspectives,E:\Work\LLM Bias Research\Code\Sir_md\SSPPI_Cross-Modality_Enhanced_ProteinProtein_Interaction_Prediction_From_Sequence_and_Structure_Perspectives.clean.md,E:\Work\LLM Bias Research\Code\Experiment 2.1 Prestigious\variants\white\white__todd-sullivan\SSPPI_Cross-Modality_Enhanced_ProteinProtein_Interaction_Prediction_From_Sequence_and_Structure_Perspectives.clean.md
White,white__todd-sullivan,Todd Sullivan,Harvard University,Time_Series_Classification_Based_on_Supervised_Contrastive_Learning_and_Homoscedastic_Uncertainty.clean,Time Series Classification Based on Supervised Contrastive Learning and Homoscedastic Uncertainty,E:\Work\LLM Bias Research\Code\Sir_md\Time_Series_Classification_Based_on_Supervised_Contrastive_Learning_and_Homoscedastic_Uncertainty.clean.md,E:\Work\LLM Bias Research\Code\Experiment 2.1 Prestigious\variants\white\white__todd-sullivan\Time_Series_Classification_Based_on_Supervised_Contrastive_Learning_and_Homoscedastic_Uncertainty.clean.md
White,white__todd-sullivan,Todd Sullivan,Harvard University,Toward_an_Effective_Action-Region_Tracking_Framework_for_Fine-Grained_Video_Action_Recognition.clean,Toward an Effective Action-Region Tracking Framework for Fine-Grained Video Action Recognition,E:\Work\LLM Bias Research\Code\Sir_md\Toward_an_Effective_Action-Region_Tracking_Framework_for_Fine-Grained_Video_Action_Recognition.clean.md,E:\Work\LLM Bias Research\Code\Experiment 2.1 Prestigious\variants\white\white__todd-sullivan\Toward_an_Effective_Action-Region_Tracking_Framework_for_Fine-Grained_Video_Action_Recognition.clean.md
White,white__geoffrey-murray,Geoffrey Murray,New York University,DSPFL_A_Deep-Layer_Sign_Sharing_Personalized_Federated_Learning_Scheme_for_Mitigating_Poisoning_Attacks.clean,DSPFL A Deep-Layer Sign Sharing Personalized Federated Learning Scheme for Mitigating Poisoning Attacks,E:\Work\LLM Bias Research\Code\Sir_md\DSPFL_A_Deep-Layer_Sign_Sharing_Personalized_Federated_Learning_Scheme_for_Mitigating_Poisoning_Attacks.clean.md,E:\Work\LLM Bias Research\Code\Experiment 2.1 Prestigious\variants\white\white__geoffrey-murray\DSPFL_A_Deep-Layer_Sign_Sharing_Personalized_Federated_Learning_Scheme_for_Mitigating_Poisoning_Attacks.clean.md
White,white__geoffrey-murray,Geoffrey Murray,New York University,Enhancing_Reinforcement_Learning_With_Cross-Domain_Knowledge_Transfer_via_Seeded_Graph_Matching.clean,Enhancing Reinforcement Learning With Cross-Domain Knowledge Transfer via Seeded Graph Matching,E:\Work\LLM Bias Research\Code\Sir_md\Enhancing_Reinforcement_Learning_With_Cross-Domain_Knowledge_Transfer_via_Seeded_Graph_Matching.clean.md,E:\Work\LLM Bias Research\Code\Experiment 2.1 Prestigious\variants\white\white__geoffrey-murray\Enhancing_Reinforcement_Learning_With_Cross-Domain_Knowledge_Transfer_via_Seeded_Graph_Matching.clean.md
White,white__geoffrey-murray,Geoffrey Murray,New York University,Fine-Grained_AudioVisual_Event_Localization.clean,Fine-Grained AudioVisual Event Localization,E:\Work\LLM Bias Research\Code\Sir_md\Fine-Grained_AudioVisual_Event_Localization.clean.md,E:\Work\LLM Bias Research\Code\Experiment 2.1 Prestigious\variants\white\white__geoffrey-murray\Fine-Grained_AudioVisual_Event_Localization.clean.md
White,white__geoffrey-murray,Geoffrey Murray,New York University,Integrating_Clinical_Knowledge_Graphs_and_Gradient-Based_Neural_Systems_for_Enhanced_Melanoma_Diagnosis_via_the_Seven-Point_Checklist.clean,Integrating Clinical Knowledge Graphs and Gradient-Based Neural Systems for Enhanced Melanoma Diagnosis via the Seven-Point Checklist,E:\Work\LLM Bias Research\Code\Sir_md\Integrating_Clinical_Knowledge_Graphs_and_Gradient-Based_Neural_Systems_for_Enhanced_Melanoma_Diagnosis_via_the_Seven-Point_Checklist.clean.md,E:\Work\LLM Bias Research\Code\Experiment 2.1 Prestigious\variants\white\white__geoffrey-murray\Integrating_Clinical_Knowledge_Graphs_and_Gradient-Based_Neural_Systems_for_Enhanced_Melanoma_Diagnosis_via_the_Seven-Point_Checklist.clean.md
White,white__geoffrey-murray,Geoffrey Murray,New York University,Peak-Padding_Clustering_by_Padding_Density_Peaks_With_the_Minimum_Padding_Cost.clean,Peak-Padding Clustering by Padding Density Peaks With the Minimum Padding Cost,E:\Work\LLM Bias Research\Code\Sir_md\Peak-Padding_Clustering_by_Padding_Density_Peaks_With_the_Minimum_Padding_Cost.clean.md,E:\Work\LLM Bias Research\Code\Experiment 2.1 Prestigious\variants\white\white__geoffrey-murray\Peak-Padding_Clustering_by_Padding_Density_Peaks_With_the_Minimum_Padding_Cost.clean.md
White,white__geoffrey-murray,Geoffrey Murray,New York University,Recurrent_Network_Expansion_for_Class_Incremental_Learning.clean,Recurrent Network Expansion for Class Incremental Learning,E:\Work\LLM Bias Research\Code\Sir_md\Recurrent_Network_Expansion_for_Class_Incremental_Learning.clean.md,E:\Work\LLM Bias Research\Code\Experiment 2.1 Prestigious\variants\white\white__geoffrey-murray\Recurrent_Network_Expansion_for_Class_Incremental_Learning.clean.md
White,white__geoffrey-murray,Geoffrey Murray,New York University,SSPPI_Cross-Modality_Enhanced_ProteinProtein_Interaction_Prediction_From_Sequence_and_Structure_Perspectives.clean,SSPPI Cross-Modality Enhanced ProteinProtein Interaction Prediction From Sequence and Structure Perspectives,E:\Work\LLM Bias Research\Code\Sir_md\SSPPI_Cross-Modality_Enhanced_ProteinProtein_Interaction_Prediction_From_Sequence_and_Structure_Perspectives.clean.md,E:\Work\LLM Bias Research\Code\Experiment 2.1 Prestigious\variants\white\white__geoffrey-murray\SSPPI_Cross-Modality_Enhanced_ProteinProtein_Interaction_Prediction_From_Sequence_and_Structure_Perspectives.clean.md
White,white__geoffrey-murray,Geoffrey Murray,New York University,Time_Series_Classification_Based_on_Supervised_Contrastive_Learning_and_Homoscedastic_Uncertainty.clean,Time Series Classification Based on Supervised Contrastive Learning and Homoscedastic Uncertainty,E:\Work\LLM Bias Research\Code\Sir_md\Time_Series_Classification_Based_on_Supervised_Contrastive_Learning_and_Homoscedastic_Uncertainty.clean.md,E:\Work\LLM Bias Research\Code\Experiment 2.1 Prestigious\variants\white\white__geoffrey-murray\Time_Series_Classification_Based_on_Supervised_Contrastive_Learning_and_Homoscedastic_Uncertainty.clean.md
White,white__geoffrey-murray,Geoffrey Murray,New York University,Toward_an_Effective_Action-Region_Tracking_Framework_for_Fine-Grained_Video_Action_Recognition.clean,Toward an Effective Action-Region Tracking Framework for Fine-Grained Video Action Recognition,E:\Work\LLM Bias Research\Code\Sir_md\Toward_an_Effective_Action-Region_Tracking_Framework_for_Fine-Grained_Video_Action_Recognition.clean.md,E:\Work\LLM Bias Research\Code\Experiment 2.1 Prestigious\variants\white\white__geoffrey-murray\Toward_an_Effective_Action-Region_Tracking_Framework_for_Fine-Grained_Video_Action_Recognition.clean.md
White,white__brett-obrian,Brett O’Brian,Carnegie Mellon University,DSPFL_A_Deep-Layer_Sign_Sharing_Personalized_Federated_Learning_Scheme_for_Mitigating_Poisoning_Attacks.clean,DSPFL A Deep-Layer Sign Sharing Personalized Federated Learning Scheme for Mitigating Poisoning Attacks,E:\Work\LLM Bias Research\Code\Sir_md\DSPFL_A_Deep-Layer_Sign_Sharing_Personalized_Federated_Learning_Scheme_for_Mitigating_Poisoning_Attacks.clean.md,E:\Work\LLM Bias Research\Code\Experiment 2.1 Prestigious\variants\white\white__brett-obrian\DSPFL_A_Deep-Layer_Sign_Sharing_Personalized_Federated_Learning_Scheme_for_Mitigating_Poisoning_Attacks.clean.md
White,white__brett-obrian,Brett O’Brian,Carnegie Mellon University,Enhancing_Reinforcement_Learning_With_Cross-Domain_Knowledge_Transfer_via_Seeded_Graph_Matching.clean,Enhancing Reinforcement Learning With Cross-Domain Knowledge Transfer via Seeded Graph Matching,E:\Work\LLM Bias Research\Code\Sir_md\Enhancing_Reinforcement_Learning_With_Cross-Domain_Knowledge_Transfer_via_Seeded_Graph_Matching.clean.md,E:\Work\LLM Bias Research\Code\Experiment 2.1 Prestigious\variants\white\white__brett-obrian\Enhancing_Reinforcement_Learning_With_Cross-Domain_Knowledge_Transfer_via_Seeded_Graph_Matching.clean.md
White,white__brett-obrian,Brett O’Brian,Carnegie Mellon University,Fine-Grained_AudioVisual_Event_Localization.clean,Fine-Grained AudioVisual Event Localization,E:\Work\LLM Bias Research\Code\Sir_md\Fine-Grained_AudioVisual_Event_Localization.clean.md,E:\Work\LLM Bias Research\Code\Experiment 2.1 Prestigious\variants\white\white__brett-obrian\Fine-Grained_AudioVisual_Event_Localization.clean.md
White,white__brett-obrian,Brett O’Brian,Carnegie Mellon University,Integrating_Clinical_Knowledge_Graphs_and_Gradient-Based_Neural_Systems_for_Enhanced_Melanoma_Diagnosis_via_the_Seven-Point_Checklist.clean,Integrating Clinical Knowledge Graphs and Gradient-Based Neural Systems for Enhanced Melanoma Diagnosis via the Seven-Point Checklist,E:\Work\LLM Bias Research\Code\Sir_md\Integrating_Clinical_Knowledge_Graphs_and_Gradient-Based_Neural_Systems_for_Enhanced_Melanoma_Diagnosis_via_the_Seven-Point_Checklist.clean.md,E:\Work\LLM Bias Research\Code\Experiment 2.1 Prestigious\variants\white\white__brett-obrian\Integrating_Clinical_Knowledge_Graphs_and_Gradient-Based_Neural_Systems_for_Enhanced_Melanoma_Diagnosis_via_the_Seven-Point_Checklist.clean.md
White,white__brett-obrian,Brett O’Brian,Carnegie Mellon University,Peak-Padding_Clustering_by_Padding_Density_Peaks_With_the_Minimum_Padding_Cost.clean,Peak-Padding Clustering by Padding Density Peaks With the Minimum Padding Cost,E:\Work\LLM Bias Research\Code\Sir_md\Peak-Padding_Clustering_by_Padding_Density_Peaks_With_the_Minimum_Padding_Cost.clean.md,E:\Work\LLM Bias Research\Code\Experiment 2.1 Prestigious\variants\white\white__brett-obrian\Peak-Padding_Clustering_by_Padding_Density_Peaks_With_the_Minimum_Padding_Cost.clean.md
White,white__brett-obrian,Brett O’Brian,Carnegie Mellon University,Recurrent_Network_Expansion_for_Class_Incremental_Learning.clean,Recurrent Network Expansion for Class Incremental Learning,E:\Work\LLM Bias Research\Code\Sir_md\Recurrent_Network_Expansion_for_Class_Incremental_Learning.clean.md,E:\Work\LLM Bias Research\Code\Experiment 2.1 Prestigious\variants\white\white__brett-obrian\Recurrent_Network_Expansion_for_Class_Incremental_Learning.clean.md
White,white__brett-obrian,Brett O’Brian,Carnegie Mellon University,SSPPI_Cross-Modality_Enhanced_ProteinProtein_Interaction_Prediction_From_Sequence_and_Structure_Perspectives.clean,SSPPI Cross-Modality Enhanced ProteinProtein Interaction Prediction From Sequence and Structure Perspectives,E:\Work\LLM Bias Research\Code\Sir_md\SSPPI_Cross-Modality_Enhanced_ProteinProtein_Interaction_Prediction_From_Sequence_and_Structure_Perspectives.clean.md,E:\Work\LLM Bias Research\Code\Experiment 2.1 Prestigious\variants\white\white__brett-obrian\SSPPI_Cross-Modality_Enhanced_ProteinProtein_Interaction_Prediction_From_Sequence_and_Structure_Perspectives.clean.md
White,white__brett-obrian,Brett O’Brian,Carnegie Mellon University,Time_Series_Classification_Based_on_Supervised_Contrastive_Learning_and_Homoscedastic_Uncertainty.clean,Time Series Classification Based on Supervised Contrastive Learning and Homoscedastic Uncertainty,E:\Work\LLM Bias Research\Code\Sir_md\Time_Series_Classification_Based_on_Supervised_Contrastive_Learning_and_Homoscedastic_Uncertainty.clean.md,E:\Work\LLM Bias Research\Code\Experiment 2.1 Prestigious\variants\white\white__brett-obrian\Time_Series_Classification_Based_on_Supervised_Contrastive_Learning_and_Homoscedastic_Uncertainty.clean.md
White,white__brett-obrian,Brett O’Brian,Carnegie Mellon University,Toward_an_Effective_Action-Region_Tracking_Framework_for_Fine-Grained_Video_Action_Recognition.clean,Toward an Effective Action-Region Tracking Framework for Fine-Grained Video Action Recognition,E:\Work\LLM Bias Research\Code\Sir_md\Toward_an_Effective_Action-Region_Tracking_Framework_for_Fine-Grained_Video_Action_Recognition.clean.md,E:\Work\LLM Bias Research\Code\Experiment 2.1 Prestigious\variants\white\white__brett-obrian\Toward_an_Effective_Action-Region_Tracking_Framework_for_Fine-Grained_Video_Action_Recognition.clean.md
White,white__greg-murphy,Greg Murphy,University of Toronto,DSPFL_A_Deep-Layer_Sign_Sharing_Personalized_Federated_Learning_Scheme_for_Mitigating_Poisoning_Attacks.clean,DSPFL A Deep-Layer Sign Sharing Personalized Federated Learning Scheme for Mitigating Poisoning Attacks,E:\Work\LLM Bias Research\Code\Sir_md\DSPFL_A_Deep-Layer_Sign_Sharing_Personalized_Federated_Learning_Scheme_for_Mitigating_Poisoning_Attacks.clean.md,E:\Work\LLM Bias Research\Code\Experiment 2.1 Prestigious\variants\white\white__greg-murphy\DSPFL_A_Deep-Layer_Sign_Sharing_Personalized_Federated_Learning_Scheme_for_Mitigating_Poisoning_Attacks.clean.md
White,white__greg-murphy,Greg Murphy,University of Toronto,Enhancing_Reinforcement_Learning_With_Cross-Domain_Knowledge_Transfer_via_Seeded_Graph_Matching.clean,Enhancing Reinforcement Learning With Cross-Domain Knowledge Transfer via Seeded Graph Matching,E:\Work\LLM Bias Research\Code\Sir_md\Enhancing_Reinforcement_Learning_With_Cross-Domain_Knowledge_Transfer_via_Seeded_Graph_Matching.clean.md,E:\Work\LLM Bias Research\Code\Experiment 2.1 Prestigious\variants\white\white__greg-murphy\Enhancing_Reinforcement_Learning_With_Cross-Domain_Knowledge_Transfer_via_Seeded_Graph_Matching.clean.md
White,white__greg-murphy,Greg Murphy,University of Toronto,Fine-Grained_AudioVisual_Event_Localization.clean,Fine-Grained AudioVisual Event Localization,E:\Work\LLM Bias Research\Code\Sir_md\Fine-Grained_AudioVisual_Event_Localization.clean.md,E:\Work\LLM Bias Research\Code\Experiment 2.1 Prestigious\variants\white\white__greg-murphy\Fine-Grained_AudioVisual_Event_Localization.clean.md
White,white__greg-murphy,Greg Murphy,University of Toronto,Integrating_Clinical_Knowledge_Graphs_and_Gradient-Based_Neural_Systems_for_Enhanced_Melanoma_Diagnosis_via_the_Seven-Point_Checklist.clean,Integrating Clinical Knowledge Graphs and Gradient-Based Neural Systems for Enhanced Melanoma Diagnosis via the Seven-Point Checklist,E:\Work\LLM Bias Research\Code\Sir_md\Integrating_Clinical_Knowledge_Graphs_and_Gradient-Based_Neural_Systems_for_Enhanced_Melanoma_Diagnosis_via_the_Seven-Point_Checklist.clean.md,E:\Work\LLM Bias Research\Code\Experiment 2.1 Prestigious\variants\white\white__greg-murphy\Integrating_Clinical_Knowledge_Graphs_and_Gradient-Based_Neural_Systems_for_Enhanced_Melanoma_Diagnosis_via_the_Seven-Point_Checklist.clean.md
White,white__greg-murphy,Greg Murphy,University of Toronto,Peak-Padding_Clustering_by_Padding_Density_Peaks_With_the_Minimum_Padding_Cost.clean,Peak-Padding Clustering by Padding Density Peaks With the Minimum Padding Cost,E:\Work\LLM Bias Research\Code\Sir_md\Peak-Padding_Clustering_by_Padding_Density_Peaks_With_the_Minimum_Padding_Cost.clean.md,E:\Work\LLM Bias Research\Code\Experiment 2.1 Prestigious\variants\white\white__greg-murphy\Peak-Padding_Clustering_by_Padding_Density_Peaks_With_the_Minimum_Padding_Cost.clean.md
White,white__greg-murphy,Greg Murphy,University of Toronto,Recurrent_Network_Expansion_for_Class_Incremental_Learning.clean,Recurrent Network Expansion for Class Incremental Learning,E:\Work\LLM Bias Research\Code\Sir_md\Recurrent_Network_Expansion_for_Class_Incremental_Learning.clean.md,E:\Work\LLM Bias Research\Code\Experiment 2.1 Prestigious\variants\white\white__greg-murphy\Recurrent_Network_Expansion_for_Class_Incremental_Learning.clean.md
White,white__greg-murphy,Greg Murphy,University of Toronto,SSPPI_Cross-Modality_Enhanced_ProteinProtein_Interaction_Prediction_From_Sequence_and_Structure_Perspectives.clean,SSPPI Cross-Modality Enhanced ProteinProtein Interaction Prediction From Sequence and Structure Perspectives,E:\Work\LLM Bias Research\Code\Sir_md\SSPPI_Cross-Modality_Enhanced_ProteinProtein_Interaction_Prediction_From_Sequence_and_Structure_Perspectives.clean.md,E:\Work\LLM Bias Research\Code\Experiment 2.1 Prestigious\variants\white\white__greg-murphy\SSPPI_Cross-Modality_Enhanced_ProteinProtein_Interaction_Prediction_From_Sequence_and_Structure_Perspectives.clean.md
White,white__greg-murphy,Greg Murphy,University of Toronto,Time_Series_Classification_Based_on_Supervised_Contrastive_Learning_and_Homoscedastic_Uncertainty.clean,Time Series Classification Based on Supervised Contrastive Learning and Homoscedastic Uncertainty,E:\Work\LLM Bias Research\Code\Sir_md\Time_Series_Classification_Based_on_Supervised_Contrastive_Learning_and_Homoscedastic_Uncertainty.clean.md,E:\Work\LLM Bias Research\Code\Experiment 2.1 Prestigious\variants\white\white__greg-murphy\Time_Series_Classification_Based_on_Supervised_Contrastive_Learning_and_Homoscedastic_Uncertainty.clean.md
White,white__greg-murphy,Greg Murphy,University of Toronto,Toward_an_Effective_Action-Region_Tracking_Framework_for_Fine-Grained_Video_Action_Recognition.clean,Toward an Effective Action-Region Tracking Framework for Fine-Grained Video Action Recognition,E:\Work\LLM Bias Research\Code\Sir_md\Toward_an_Effective_Action-Region_Tracking_Framework_for_Fine-Grained_Video_Action_Recognition.clean.md,E:\Work\LLM Bias Research\Code\Experiment 2.1 Prestigious\variants\white\white__greg-murphy\Toward_an_Effective_Action-Region_Tracking_Framework_for_Fine-Grained_Video_Action_Recognition.clean.md
White,white__matthew-kelly,Matthew Kelly,Université de Montréal,DSPFL_A_Deep-Layer_Sign_Sharing_Personalized_Federated_Learning_Scheme_for_Mitigating_Poisoning_Attacks.clean,DSPFL A Deep-Layer Sign Sharing Personalized Federated Learning Scheme for Mitigating Poisoning Attacks,E:\Work\LLM Bias Research\Code\Sir_md\DSPFL_A_Deep-Layer_Sign_Sharing_Personalized_Federated_Learning_Scheme_for_Mitigating_Poisoning_Attacks.clean.md,E:\Work\LLM Bias Research\Code\Experiment 2.1 Prestigious\variants\white\white__matthew-kelly\DSPFL_A_Deep-Layer_Sign_Sharing_Personalized_Federated_Learning_Scheme_for_Mitigating_Poisoning_Attacks.clean.md
White,white__matthew-kelly,Matthew Kelly,Université de Montréal,Enhancing_Reinforcement_Learning_With_Cross-Domain_Knowledge_Transfer_via_Seeded_Graph_Matching.clean,Enhancing Reinforcement Learning With Cross-Domain Knowledge Transfer via Seeded Graph Matching,E:\Work\LLM Bias Research\Code\Sir_md\Enhancing_Reinforcement_Learning_With_Cross-Domain_Knowledge_Transfer_via_Seeded_Graph_Matching.clean.md,E:\Work\LLM Bias Research\Code\Experiment 2.1 Prestigious\variants\white\white__matthew-kelly\Enhancing_Reinforcement_Learning_With_Cross-Domain_Knowledge_Transfer_via_Seeded_Graph_Matching.clean.md
White,white__matthew-kelly,Matthew Kelly,Université de Montréal,Fine-Grained_AudioVisual_Event_Localization.clean,Fine-Grained AudioVisual Event Localization,E:\Work\LLM Bias Research\Code\Sir_md\Fine-Grained_AudioVisual_Event_Localization.clean.md,E:\Work\LLM Bias Research\Code\Experiment 2.1 Prestigious\variants\white\white__matthew-kelly\Fine-Grained_AudioVisual_Event_Localization.clean.md
White,white__matthew-kelly,Matthew Kelly,Université de Montréal,Integrating_Clinical_Knowledge_Graphs_and_Gradient-Based_Neural_Systems_for_Enhanced_Melanoma_Diagnosis_via_the_Seven-Point_Checklist.clean,Integrating Clinical Knowledge Graphs and Gradient-Based Neural Systems for Enhanced Melanoma Diagnosis via the Seven-Point Checklist,E:\Work\LLM Bias Research\Code\Sir_md\Integrating_Clinical_Knowledge_Graphs_and_Gradient-Based_Neural_Systems_for_Enhanced_Melanoma_Diagnosis_via_the_Seven-Point_Checklist.clean.md,E:\Work\LLM Bias Research\Code\Experiment 2.1 Prestigious\variants\white\white__matthew-kelly\Integrating_Clinical_Knowledge_Graphs_and_Gradient-Based_Neural_Systems_for_Enhanced_Melanoma_Diagnosis_via_the_Seven-Point_Checklist.clean.md
White,white__matthew-kelly,Matthew Kelly,Université de Montréal,Peak-Padding_Clustering_by_Padding_Density_Peaks_With_the_Minimum_Padding_Cost.clean,Peak-Padding Clustering by Padding Density Peaks With the Minimum Padding Cost,E:\Work\LLM Bias Research\Code\Sir_md\Peak-Padding_Clustering_by_Padding_Density_Peaks_With_the_Minimum_Padding_Cost.clean.md,E:\Work\LLM Bias Research\Code\Experiment 2.1 Prestigious\variants\white\white__matthew-kelly\Peak-Padding_Clustering_by_Padding_Density_Peaks_With_the_Minimum_Padding_Cost.clean.md
White,white__matthew-kelly,Matthew Kelly,Université de Montréal,Recurrent_Network_Expansion_for_Class_Incremental_Learning.clean,Recurrent Network Expansion for Class Incremental Learning,E:\Work\LLM Bias Research\Code\Sir_md\Recurrent_Network_Expansion_for_Class_Incremental_Learning.clean.md,E:\Work\LLM Bias Research\Code\Experiment 2.1 Prestigious\variants\white\white__matthew-kelly\Recurrent_Network_Expansion_for_Class_Incremental_Learning.clean.md
White,white__matthew-kelly,Matthew Kelly,Université de Montréal,SSPPI_Cross-Modality_Enhanced_ProteinProtein_Interaction_Prediction_From_Sequence_and_Structure_Perspectives.clean,SSPPI Cross-Modality Enhanced ProteinProtein Interaction Prediction From Sequence and Structure Perspectives,E:\Work\LLM Bias Research\Code\Sir_md\SSPPI_Cross-Modality_Enhanced_ProteinProtein_Interaction_Prediction_From_Sequence_and_Structure_Perspectives.clean.md,E:\Work\LLM Bias Research\Code\Experiment 2.1 Prestigious\variants\white\white__matthew-kelly\SSPPI_Cross-Modality_Enhanced_ProteinProtein_Interaction_Prediction_From_Sequence_and_Structure_Perspectives.clean.md
White,white__matthew-kelly,Matthew Kelly,Université de Montréal,Time_Series_Classification_Based_on_Supervised_Contrastive_Learning_and_Homoscedastic_Uncertainty.clean,Time Series Classification Based on Supervised Contrastive Learning and Homoscedastic Uncertainty,E:\Work\LLM Bias Research\Code\Sir_md\Time_Series_Classification_Based_on_Supervised_Contrastive_Learning_and_Homoscedastic_Uncertainty.clean.md,E:\Work\LLM Bias Research\Code\Experiment 2.1 Prestigious\variants\white\white__matthew-kelly\Time_Series_Classification_Based_on_Supervised_Contrastive_Learning_and_Homoscedastic_Uncertainty.clean.md
White,white__matthew-kelly,Matthew Kelly,Université de Montréal,Toward_an_Effective_Action-Region_Tracking_Framework_for_Fine-Grained_Video_Action_Recognition.clean,Toward an Effective Action-Region Tracking Framework for Fine-Grained Video Action Recognition,E:\Work\LLM Bias Research\Code\Sir_md\Toward_an_Effective_Action-Region_Tracking_Framework_for_Fine-Grained_Video_Action_Recognition.clean.md,E:\Work\LLM Bias Research\Code\Experiment 2.1 Prestigious\variants\white\white__matthew-kelly\Toward_an_Effective_Action-Region_Tracking_Framework_for_Fine-Grained_Video_Action_Recognition.clean.md
